,git_hash,commit_date,filename_list,cve_data,cwe_group,published_date,severity,impact_score
0,4df1b6d478020ac51c84467f47e42083f53adbad,2008-08-19 22:57:46+02:00,".hgtags,LICENSE,Makefile.pre.in,README,configure,configure.in,install-sh,pyconfig.h.in,setup.py",CVE-2007-4965,CWE-189,2007-09-18T22:17Z,MEDIUM,
1,7e2aae43f019966cdf8b276445d89dd936d7fc07,2008-08-19 22:57:46+02:00,"LICENSE,Makefile.pre.in,README,configure,configure.in,install-sh,pyconfig.h.in,setup.py",CVE-2007-4965,CWE-189,2007-09-18T22:17Z,MEDIUM,
2,5512f4f627ba39f7985cc9b388db0d3ac56eeac2,2008-08-19 23:02:04+02:00,".bzrignore,.hgignore,LICENSE,Makefile.pre.in,README,configure,configure.in,install-sh,pyconfig.h.in,setup.py",CVE-2007-4965,CWE-189,2007-09-18T22:17Z,MEDIUM,
3,93ebfb154456daa841aa223bd296422787b3074c,2008-08-19 23:02:04+02:00,".bzrignore,.hgignore,.hgtags,LICENSE,Makefile.pre.in,README,configure,configure.in,install-sh,pyconfig.h.in,setup.py",CVE-2007-4965,CWE-189,2007-09-18T22:17Z,MEDIUM,
4,a5e37e6cc3137ad1faf26495849554399d534f75,2008-08-20 03:51:10+02:00,".bzrignore,.hgignore,.hgtags,INTBENCH,LICENSE,Makefile.pre.in,README,RELNOTES,configure,configure.in,install-sh,pyconfig.h.in,runtests.sh,setup.py",CVE-2007-4965,CWE-189,2007-09-18T22:17Z,MEDIUM,
5,112d782e6348d42d3ae75feaa5ec7b9a126f1e90,2008-08-20 03:51:10+02:00,".bzrignore,.hgignore,INTBENCH,LICENSE,Makefile.pre.in,README,RELNOTES,configure,configure.in,install-sh,pyconfig.h.in,runtests.sh,setup.py",CVE-2007-4965,CWE-189,2007-09-18T22:17Z,MEDIUM,
6,98c9c1e8b96f436263bee100feffe6d9f0f66b1e,2008-11-12 07:54:33+01:00,"LICENSE,Makefile.pre.in,README,aclocal.m4,configure,configure.in,install-sh,pyconfig.h.in,setup.py",CVE-2007-4965,CWE-189,2007-09-18T22:17Z,MEDIUM,
7,98c9c1e8b96f436263bee100feffe6d9f0f66b1e,2008-11-12 07:54:33+01:00,"LICENSE,Makefile.pre.in,README,aclocal.m4,configure,configure.in,install-sh,pyconfig.h.in,setup.py",CVE-2008-1679,CWE-189,2008-04-22T04:41Z,MEDIUM,
8,8ad5f451e2638409d2055af68e0e06de68ac1a3c,2008-11-12 07:54:33+01:00,".hgtags,LICENSE,Makefile.pre.in,README,aclocal.m4,configure,configure.in,install-sh,pyconfig.h.in,setup.py",CVE-2007-4965,CWE-189,2007-09-18T22:17Z,MEDIUM,
9,8ad5f451e2638409d2055af68e0e06de68ac1a3c,2008-11-12 07:54:33+01:00,".hgtags,LICENSE,Makefile.pre.in,README,aclocal.m4,configure,configure.in,install-sh,pyconfig.h.in,setup.py",CVE-2008-1679,CWE-189,2008-04-22T04:41Z,MEDIUM,
10,01feb5ad8d55c4cdc540e02ebebcaffa5f1a4d6c,2008-11-12 08:02:24+01:00,".hgtags,LICENSE,Makefile.pre.in,README,aclocal.m4,configure,configure.in,install-sh,pyconfig.h.in,setup.py",CVE-2008-1721,CWE-189,2008-04-10T19:05Z,HIGH,
11,04105e539e17f77cbd57d6d2844d518967410391,2008-11-12 08:02:24+01:00,"LICENSE,Makefile.pre.in,README,aclocal.m4,configure,configure.in,install-sh,pyconfig.h.in,setup.py",CVE-2008-1721,CWE-189,2008-04-10T19:05Z,HIGH,
12,05c5aa3bd89a9b91c4ff2e3b994fdc6a6533a621,2008-11-12 08:08:51+01:00,"LICENSE,Makefile.pre.in,README,aclocal.m4,configure,configure.in,install-sh,pyconfig.h.in,setup.py",CVE-2008-3144,CWE-189,2008-08-01T14:41Z,MEDIUM,
13,8af5d5791bd08c3ac206c1ea1326150718858ca9,2008-11-12 08:08:51+01:00,".hgtags,LICENSE,Makefile.pre.in,README,aclocal.m4,configure,configure.in,install-sh,pyconfig.h.in,setup.py",CVE-2008-3144,CWE-189,2008-08-01T14:41Z,MEDIUM,
14,b7cfda132406bd0a4f626610657fd9b1e0e63f65,2008-11-12 08:21:52+01:00,".hgtags,LICENSE,Makefile.pre.in,README,aclocal.m4,configure,configure.in,install-sh,pyconfig.h.in,setup.py",CVE-2008-1887,CWE-119,2008-04-18T17:05Z,HIGH,
15,cf843b28a97bd239ea4e6ff9feda474bf23c16d7,2008-11-12 08:21:52+01:00,"LICENSE,Makefile.pre.in,README,aclocal.m4,configure,configure.in,install-sh,pyconfig.h.in,setup.py",CVE-2008-1887,CWE-119,2008-04-18T17:05Z,HIGH,
16,3a87f93c42d0ca5b3af56076ba023eebe33cf29e,2008-11-12 08:29:23+01:00,".hgtags,LICENSE,Makefile.pre.in,README,aclocal.m4,configure,configure.in,install-sh,pyconfig.h.in,setup.py",CVE-2008-4864,CWE-189,2008-11-01T00:00Z,HIGH,
17,4f221810e3c407a2c4af9d7eb595c8582d42a871,2008-11-12 08:29:23+01:00,"LICENSE,Makefile.pre.in,README,aclocal.m4,configure,configure.in,install-sh,pyconfig.h.in,setup.py",CVE-2008-4864,CWE-189,2008-11-01T00:00Z,HIGH,
18,def963c019299a2cc75468ca83571c26bf7bb00f,2008-12-16 14:12:32+01:00,"LICENSE,Makefile.pre.in,README,aclocal.m4,configure,configure.in,install-sh,pyconfig.h.in,setup.py",CVE-2008-5031,CWE-189,2008-11-10T16:15Z,HIGH,
19,bc160b73dbba7327f436734d3732fa94949d778f,2008-12-16 14:12:32+01:00,".hgtags,LICENSE,Makefile.pre.in,README,aclocal.m4,configure,configure.in,install-sh,pyconfig.h.in,setup.py",CVE-2008-5031,CWE-189,2008-11-10T16:15Z,HIGH,
20,b8ec8a48ec519b12727cddcef196f45302886f10,2010-01-21 18:43:31+01:00,".hgtags,LICENSE,Makefile.pre.in,README,configure,configure.in,install-sh,pyconfig.h.in,setup.py",CVE-2009-3720,NVD-CWE-noinfo,2009-11-03T16:30Z,MEDIUM,
21,c7e90c41b440c5c805a038f98c50832f6254134f,2010-01-21 18:43:31+01:00,"install-sh,pyconfig.h.in,configure,Makefile.pre.in,configure.in,README,setup.py,LICENSE",CVE-2009-3720,NVD-CWE-noinfo,2009-11-03T16:30Z,MEDIUM,
22,3b0f9b01f6e668a526faf01ce70d0fccd76e9f65,2010-01-22 01:34:48+01:00,".bzrignore,.hgignore,.hgtags,LICENSE,Makefile.pre.in,README,configure,configure.in,install-sh,pyconfig.h.in,setup.py",CVE-2009-3720,NVD-CWE-noinfo,2009-11-03T16:30Z,MEDIUM,
23,18cc2b4989b2d0a25a37a80703fe2c42a193c241,2010-01-22 01:34:48+01:00,"LICENSE,install-sh,Makefile.pre.in,.bzrignore,configure.in,.hgignore,README,pyconfig.h.in,setup.py,configure",CVE-2009-3720,NVD-CWE-noinfo,2009-11-03T16:30Z,MEDIUM,
24,996a1c7c3620c87a4dea2a062ada4bbad4ea81f9,2010-02-03 03:46:37+01:00,"install-sh,runtests.sh,.hgignore,configure,setup.py,configure.in,README,pyconfig.h.in,.bzrignore,Makefile.pre.in,LICENSE",CVE-2009-3720,NVD-CWE-noinfo,2009-11-03T16:30Z,MEDIUM,
25,3fdb0ec11c40f7317a6f665aadd0b4feb15595e2,2010-02-03 03:46:37+01:00,".bzrignore,.hgignore,.hgtags,LICENSE,Makefile.pre.in,README,configure,configure.in,install-sh,pyconfig.h.in,runtests.sh,setup.py",CVE-2009-3720,NVD-CWE-noinfo,2009-11-03T16:30Z,MEDIUM,
26,9e7e44566185c5301022407bce5f958bbea72462,2010-05-19 16:11:36+02:00,".hgignore,install-sh,LICENSE,README,configure,configure.in,.bzrignore,setup.py,Makefile.pre.in,pyconfig.h.in",CVE-2009-3720,NVD-CWE-noinfo,2009-11-03T16:30Z,MEDIUM,
27,de8a2a9d931a120605fc1a4af0176116e124da07,2010-05-19 16:11:36+02:00,".bzrignore,.hgignore,.hgtags,LICENSE,Makefile.pre.in,README,configure,configure.in,install-sh,pyconfig.h.in,setup.py",CVE-2009-3720,NVD-CWE-noinfo,2009-11-03T16:30Z,MEDIUM,
28,0e8548c08a1b7aa535030b34b4a44d4d432cce84,2010-05-21 19:12:38+02:00,"install-sh,LICENSE,Makefile.pre.in,.hgignore,README,setup.py,pyconfig.h.in,configure.in,.bzrignore,configure",CVE-2008-5983,NVD-CWE-Other,2009-01-28T02:30Z,MEDIUM,
29,6a2656094d1806abc5229758246865bcbaa34c5e,2010-05-21 19:12:38+02:00,".bzrignore,.hgignore,.hgtags,LICENSE,Makefile.pre.in,README,configure,configure.in,install-sh,pyconfig.h.in,setup.py",CVE-2008-5983,NVD-CWE-Other,2009-01-28T02:30Z,MEDIUM,
30,76859dc64084c147b0869fa4969ea3fd967c4a4f,2010-05-21 19:22:43+02:00,".hgignore,install-sh,LICENSE,README,configure,configure.in,.bzrignore,setup.py,Makefile.pre.in,pyconfig.h.in",CVE-2008-5983,NVD-CWE-Other,2009-01-28T02:30Z,MEDIUM,
31,52ca516cacf75b430d399d638c1e00b49b0bb564,2010-05-21 19:22:43+02:00,".bzrignore,.hgignore,.hgtags,LICENSE,Makefile.pre.in,README,configure,configure.in,install-sh,pyconfig.h.in,setup.py",CVE-2008-5983,NVD-CWE-Other,2009-01-28T02:30Z,MEDIUM,
32,f978facc0e81bed85c990612401a63954542aebc,2010-05-21 19:25:34+02:00,".bzrignore,.hgignore,.hgtags,LICENSE,Makefile.pre.in,README,configure,configure.in,install-sh,pyconfig.h.in,runtests.sh,setup.py",CVE-2008-5983,NVD-CWE-Other,2009-01-28T02:30Z,MEDIUM,
33,342ae037401f101f3d063da411041d9878efd5ba,2010-05-21 19:25:34+02:00,"LICENSE,install-sh,setup.py,runtests.sh,Makefile.pre.in,README,configure,configure.in,.bzrignore,pyconfig.h.in,.hgignore",CVE-2008-5983,NVD-CWE-Other,2009-01-28T02:30Z,MEDIUM,
34,1819dae3cb196ab4669b8182ac11e10e94eee96f,2010-05-21 19:33:14+02:00,"install-sh,.hgignore,runtests.sh,.bzrignore,configure,setup.py,LICENSE,README,Makefile.pre.in,pyconfig.h.in,configure.in",CVE-2008-5983,NVD-CWE-Other,2009-01-28T02:30Z,MEDIUM,
35,71d305c83d324ec46717924d119e27c03156b8fa,2010-05-21 19:33:14+02:00,".bzrignore,.hgignore,.hgtags,LICENSE,Makefile.pre.in,README,configure,configure.in,install-sh,pyconfig.h.in,runtests.sh,setup.py",CVE-2008-5983,NVD-CWE-Other,2009-01-28T02:30Z,MEDIUM,
36,a073350384db5e36db2c54e507748c0b44b872a1,2010-06-16 21:27:57+02:00,".bzrignore,.hgignore,.hgtags,LICENSE,Makefile.pre.in,README,configure,configure.in,install-sh,pyconfig.h.in,runtests.sh,setup.py",CVE-2009-3720,NVD-CWE-noinfo,2009-11-03T16:30Z,MEDIUM,
37,84577683ea545dd94d58be6a1fda50a075c37141,2010-06-16 21:27:57+02:00,"install-sh,.hgignore,runtests.sh,.bzrignore,configure,setup.py,LICENSE,README,Makefile.pre.in,pyconfig.h.in,configure.in",CVE-2009-3720,NVD-CWE-noinfo,2009-11-03T16:30Z,MEDIUM,
38,9f817420d86e0da26a3acf3f544449f59db0aaa1,2010-07-03 15:36:19+02:00,"install-sh,configure.in,Makefile.pre.in,README,.hgignore,setup.py,LICENSE,pyconfig.h.in,configure,.bzrignore",CVE-2010-2089,CWE-119,2010-05-27T19:30Z,MEDIUM,
39,15e5b1bf0b6d53b8eed2e1c825f37efba64f317e,2010-07-03 15:36:19+02:00,".bzrignore,.hgignore,.hgtags,LICENSE,Makefile.pre.in,README,configure,configure.in,install-sh,pyconfig.h.in,setup.py",CVE-2010-2089,CWE-119,2010-05-27T19:30Z,MEDIUM,
40,f66d4e096311cc80269bd0f4c16434b84fe34cb6,2010-07-03 15:39:22+02:00,".hgignore,install-sh,LICENSE,setup.py,.bzrignore,configure,README,Makefile.pre.in,pyconfig.h.in,configure.in",CVE-2010-2089,CWE-119,2010-05-27T19:30Z,MEDIUM,
41,e9123efa21a16584758b5ce7da93d3966cf0cd81,2010-07-03 15:39:22+02:00,".bzrignore,.hgignore,.hgtags,LICENSE,Makefile.pre.in,README,configure,configure.in,install-sh,pyconfig.h.in,setup.py",CVE-2010-2089,CWE-119,2010-05-27T19:30Z,MEDIUM,
42,7df562d5322c912fb2d0912ab5f922fc74f34299,2010-07-03 15:44:22+02:00,"LICENSE,install-sh,runtests.sh,README,Makefile.pre.in,configure,configure.in,.bzrignore,pyconfig.h.in,.hgignore,setup.py",CVE-2010-2089,CWE-119,2010-05-27T19:30Z,MEDIUM,
43,bc5c54bca24fdb1fcf7fa055831ec997a65f3ce8,2010-07-03 15:44:22+02:00,".bzrignore,.hgignore,.hgtags,LICENSE,Makefile.pre.in,README,configure,configure.in,install-sh,pyconfig.h.in,runtests.sh,setup.py",CVE-2010-2089,CWE-119,2010-05-27T19:30Z,MEDIUM,
44,8e42fb7ada3198e66d3f060c5c87c52465a86e36,2010-07-03 15:46:01+02:00,".bzrignore,.hgignore,.hgtags,LICENSE,Makefile.pre.in,README,configure,configure.in,install-sh,pyconfig.h.in,runtests.sh,setup.py",CVE-2010-2089,CWE-119,2010-05-27T19:30Z,MEDIUM,
45,51ff5502fb72dce83cfdfa286ca3760d8b3a8ef9,2010-07-03 15:46:01+02:00,"configure.in,pyconfig.h.in,install-sh,.hgignore,runtests.sh,.bzrignore,setup.py,LICENSE,README,Makefile.pre.in,configure",CVE-2010-2089,CWE-119,2010-05-27T19:30Z,MEDIUM,
46,9f24c736f4d4fd3abd1fa64344c8315ade47448c,2010-10-17 12:48:14+02:00,"install-sh,README,pyconfig.h.in,configure,Makefile.pre.in,configure.in,setup.py,LICENSE",CVE-2010-2089,CWE-119,2010-05-27T19:30Z,MEDIUM,
47,b7180a89b352428db51e66f0082d4c01764dc534,2010-10-17 12:48:14+02:00,".hgtags,LICENSE,Makefile.pre.in,README,configure,configure.in,install-sh,pyconfig.h.in,setup.py",CVE-2010-2089,CWE-119,2010-05-27T19:30Z,MEDIUM,
48,a2eb0a441158ed50786645ebb0652d1d20bf170a,2012-01-27 09:42:45+01:00,"Makefile.pre.in,.hgignore,install-sh,setup.py,.hgeol,LICENSE,README,.bzrignore,configure,pyconfig.h.in,configure.in",CVE-2011-3389,CWE-20,2011-09-06T19:55Z,MEDIUM,
49,d358e0554bc520768041652676ec8e6076f221a9,2012-01-27 09:42:45+01:00,".bzrignore,.hgeol,.hgignore,.hgtags,LICENSE,Makefile.pre.in,README,configure,configure.in,install-sh,pyconfig.h.in,setup.py",CVE-2011-3389,CWE-20,2011-09-06T19:55Z,MEDIUM,
50,374b4ea9da3dfa92641fff91015246a5ef6b27fb,2012-01-27 09:44:08+01:00,".bzrignore,.gitignore,.hgeol,.hgignore,.hgtags,LICENSE,Makefile.pre.in,README,configure,configure.in,install-sh,pyconfig.h.in,setup.py",CVE-2011-3389,CWE-20,2011-09-06T19:55Z,MEDIUM,
51,ae14257e378cd5744cd69d72ca8994fb337de6eb,2012-01-27 09:44:08+01:00,"install-sh,.gitignore,.bzrignore,configure,configure.in,setup.py,.hgignore,pyconfig.h.in,Makefile.pre.in,LICENSE,README,.hgeol",CVE-2011-3389,CWE-20,2011-09-06T19:55Z,MEDIUM,
52,f2bf8a6ac51530e14d798a03c8e950dd934d85cd,2012-01-27 09:48:47+01:00,".bzrignore,.hgeol,.hgignore,.hgtags,LICENSE,Makefile.pre.in,README,configure,configure.in,install-sh,pyconfig.h.in,runtests.sh,setup.py",CVE-2011-3389,CWE-20,2011-09-06T19:55Z,MEDIUM,
53,531661d993a226c602f633d62fce3caea2105854,2012-01-27 09:48:47+01:00,"install-sh,setup.py,.hgignore,pyconfig.h.in,.bzrignore,LICENSE,configure,configure.in,README,runtests.sh,.hgeol,Makefile.pre.in",CVE-2011-3389,CWE-20,2011-09-06T19:55Z,MEDIUM,
54,e4ce88084be4b4c7ad086b0a7d06ebe7b57cd112,2012-01-27 09:50:45+01:00,"install-sh,setup.py,configure.in,.hgignore,README,configure,.gitignore,LICENSE,pyconfig.h.in,.bzrignore,Makefile.pre.in,.hgeol",CVE-2011-3389,CWE-20,2011-09-06T19:55Z,MEDIUM,
55,3f366314e831e0babca220abd734f8ae02776925,2012-01-27 09:50:45+01:00,".bzrignore,.gitignore,.hgeol,.hgignore,.hgtags,LICENSE,Makefile.pre.in,README,configure,configure.in,install-sh,pyconfig.h.in,setup.py",CVE-2011-3389,CWE-20,2011-09-06T19:55Z,MEDIUM,
56,9e2e5329dc81b56c987fe33c84f3a4c6f368f413,2012-01-27 09:53:29+01:00,".bzrignore,.gitignore,.hgeol,.hgignore,.hgtags,LICENSE,Makefile.pre.in,README,configure,configure.in,install-sh,pyconfig.h.in,setup.py",CVE-2011-3389,CWE-20,2011-09-06T19:55Z,MEDIUM,
57,0fb28544bf4caf2fdc2ed8fb5fa2f2059ebe179a,2012-01-27 09:53:29+01:00,"Makefile.pre.in,install-sh,.hgignore,LICENSE,setup.py,README,.gitignore,.bzrignore,.hgeol,configure,configure.in,pyconfig.h.in",CVE-2011-3389,CWE-20,2011-09-06T19:55Z,MEDIUM,
58,10a07b7aa54172b35d4cfb8e74f94fec49380fb7,2012-02-18 14:15:38+01:00,"Makefile.pre.in,.hgignore,install-sh,setup.py,.hgeol,LICENSE,README,.bzrignore,configure,pyconfig.h.in,configure.in",CVE-2012-0845,CWE-399,2012-10-05T21:55Z,MEDIUM,
59,66f3cc6f8de83c447d937160e4a1630c4482b5f5,2012-02-18 14:15:38+01:00,".bzrignore,.hgeol,.hgignore,.hgtags,LICENSE,Makefile.pre.in,README,configure,configure.in,install-sh,pyconfig.h.in,setup.py",CVE-2012-0845,CWE-399,2012-10-05T21:55Z,MEDIUM,
60,e062466480c1aa8da6fa16532ec0252988f799ba,2012-02-18 14:30:34+01:00,".bzrignore,.gitignore,.hgeol,.hgignore,.hgtags,LICENSE,Makefile.pre.in,README,configure,configure.in,install-sh,pyconfig.h.in,setup.py",CVE-2012-0845,CWE-399,2012-10-05T21:55Z,MEDIUM,
61,8cf4f482e88ba04cdfebcdd7eaee35967c3e321a,2012-02-18 14:30:34+01:00,"install-sh,.gitignore,.bzrignore,Makefile.pre.in,configure,configure.in,setup.py,.hgignore,pyconfig.h.in,LICENSE,README,.hgeol",CVE-2012-0845,CWE-399,2012-10-05T21:55Z,MEDIUM,
62,ec1712a1662282c909b4cd4cc0c7486646bc9246,2012-02-18 14:42:57+01:00,".bzrignore,.hgeol,.hgignore,.hgtags,LICENSE,Makefile.pre.in,README,configure,configure.in,install-sh,pyconfig.h.in,runtests.sh,setup.py",CVE-2012-0845,CWE-399,2012-10-05T21:55Z,MEDIUM,
63,c3bd9bfd3d1b9af05669f68c08079fed02a28c67,2012-02-18 14:42:57+01:00,"install-sh,setup.py,.hgignore,pyconfig.h.in,.bzrignore,LICENSE,configure,configure.in,README,runtests.sh,.hgeol,Makefile.pre.in",CVE-2012-0845,CWE-399,2012-10-05T21:55Z,MEDIUM,
64,d41215444ab06af0a33f4a4358a261127f7b878a,2012-02-18 14:53:41+01:00,"install-sh,setup.py,configure.in,.hgignore,README,configure,.gitignore,LICENSE,pyconfig.h.in,.bzrignore,Makefile.pre.in,.hgeol",CVE-2012-0845,CWE-399,2012-10-05T21:55Z,MEDIUM,
65,cd96b4f1ff4dd3a97eedbcea8a837388c0cb8345,2012-02-18 14:53:41+01:00,".bzrignore,.gitignore,.hgeol,.hgignore,.hgtags,LICENSE,Makefile.pre.in,README,configure,configure.in,install-sh,pyconfig.h.in,setup.py",CVE-2012-0845,CWE-399,2012-10-05T21:55Z,MEDIUM,
66,3ccc918b4addd3c189c4214f5283fa9aae980f41,2012-02-18 15:02:10+01:00,".bzrignore,.gitignore,.hgeol,.hgignore,.hgtags,LICENSE,Makefile.pre.in,README,configure,configure.in,install-sh,pyconfig.h.in,setup.py",CVE-2012-0845,CWE-399,2012-10-05T21:55Z,MEDIUM,
67,a504ac8a116c942bea2034205d7c71af027874a1,2012-02-18 15:02:10+01:00,"install-sh,.hgignore,LICENSE,setup.py,README,Makefile.pre.in,configure.in,configure,.gitignore,.bzrignore,.hgeol,pyconfig.h.in",CVE-2012-0845,CWE-399,2012-10-05T21:55Z,MEDIUM,
68,e540dfa6168d0b013bfdc78f1afb5ba484ef1907,2012-03-14 22:26:55+01:00,"install-sh,setup.py,.hgignore,pyconfig.h.in,.bzrignore,LICENSE,configure,configure.in,runtests.sh,README,Makefile.pre.in,.hgeol",CVE-2012-0876,CWE-399,2012-07-03T19:55Z,MEDIUM,
69,8e91cf6a5e5be8f84132498d5654d6ad2e4d54c2,2012-03-14 22:26:55+01:00,".bzrignore,.hgeol,.hgignore,.hgtags,LICENSE,Makefile.pre.in,README,configure,configure.in,install-sh,pyconfig.h.in,runtests.sh,setup.py",CVE-2012-0876,CWE-399,2012-07-03T19:55Z,MEDIUM,
70,373c7409245bb22da1e6e45ba1cb3818904c51a9,2012-03-14 22:41:00+01:00,".bzrignore,.gitignore,.hgeol,.hgignore,.hgtags,LICENSE,Makefile.pre.in,README,configure,configure.in,install-sh,pyconfig.h.in,setup.py",CVE-2012-0876,CWE-399,2012-07-03T19:55Z,MEDIUM,
71,716e67df5ff2b5cb6c9d1291cc7bbc5a13d94f8e,2012-03-14 22:41:00+01:00,"install-sh,configure.in,.hgignore,README,Makefile.pre.in,LICENSE,configure,.gitignore,pyconfig.h.in,.bzrignore,setup.py,.hgeol",CVE-2012-0876,CWE-399,2012-07-03T19:55Z,MEDIUM,
72,70c9c4dca6bcb9b304c48915b32af74d133c01cc,2012-03-14 23:00:39+01:00,".bzrignore,.gitignore,.hgeol,.hgignore,.hgtags,LICENSE,Makefile.pre.in,README,configure,configure.in,install-sh,pyconfig.h.in,setup.py",CVE-2012-0876,CWE-399,2012-07-03T19:55Z,MEDIUM,
73,37d4d5c04e7c1dd393a298b3e5820234b3662f61,2012-03-14 23:00:39+01:00,"install-sh,.hgignore,README,LICENSE,configure.in,configure,setup.py,.gitignore,.bzrignore,Makefile.pre.in,.hgeol,pyconfig.h.in",CVE-2012-0876,CWE-399,2012-07-03T19:55Z,MEDIUM,
74,3c2aaf77874a0943a71d6b09374038872841d14a,2012-03-14 23:28:10+01:00,"README,install-sh,.gitignore,.bzrignore,configure,configure.in,setup.py,.hgignore,pyconfig.h.in,LICENSE,Makefile.pre.in,.hgeol",CVE-2012-0876,CWE-399,2012-07-03T19:55Z,MEDIUM,
75,c6578b36cd37db29ff9612d208a640bf01124bc8,2012-03-14 23:28:10+01:00,"README,install-sh,.gitignore,.bzrignore,setup.py,configure,configure.in,.hgignore,pyconfig.h.in,LICENSE,Makefile.pre.in,.hgeol",CVE-2012-0876,CWE-399,2012-07-03T19:55Z,MEDIUM,
76,d0e1a5b24196208c38d57d4512a6181a0f5dddf7,2012-03-14 23:28:10+01:00,".bzrignore,.gitignore,.hgeol,.hgignore,.hgtags,LICENSE,Makefile.pre.in,README,configure,configure.in,install-sh,pyconfig.h.in,setup.py",CVE-2012-0876,CWE-399,2012-07-03T19:55Z,MEDIUM,
77,c8ff46032f2290ef848aea9485d376dc156347bd,2012-03-14 23:28:10+01:00,".bzrignore,.gitignore,.hgeol,.hgignore,.hgtags,LICENSE,Makefile.pre.in,README,configure,configure.in,install-sh,pyconfig.h.in,setup.py",CVE-2012-0876,CWE-399,2012-07-03T19:55Z,MEDIUM,
78,5e5bed87e38f2cf1b1b446c7019b780c95bb37fa,2012-03-15 01:10:41+01:00,".hgignore,install-sh,LICENSE,setup.py,.hgeol,README,.bzrignore,Makefile.pre.in,configure,pyconfig.h.in,configure.in",CVE-2012-0876,CWE-399,2012-07-03T19:55Z,MEDIUM,
79,e9bc2f773ff86780ca86a36a21d43f3ecfd61357,2012-03-15 01:10:41+01:00,".bzrignore,.hgeol,.hgignore,.hgtags,LICENSE,Makefile.pre.in,README,configure,configure.in,install-sh,pyconfig.h.in,setup.py",CVE-2012-0876,CWE-399,2012-07-03T19:55Z,MEDIUM,
80,cc264adebc2d81b52f242f45e403905c9470399c,2012-03-15 08:31:00+01:00,"install-sh,setup.py,configure.in,.hgignore,README,Makefile.pre.in,LICENSE,configure,.gitignore,pyconfig.h.in,.bzrignore,.hgeol",CVE-2012-0876,CWE-399,2012-07-03T19:55Z,MEDIUM,
81,a5d729a7f7ad1886b34302e8c9f6034a3f3dd1d9,2012-03-15 08:31:00+01:00,".bzrignore,.gitignore,.hgeol,.hgignore,.hgtags,LICENSE,Makefile.pre.in,README,configure,configure.in,install-sh,pyconfig.h.in,setup.py",CVE-2012-0876,CWE-399,2012-07-03T19:55Z,MEDIUM,
82,e67950bd107bd83dd4204e367c3ed23295db20c7,2012-07-21 00:45:14+02:00,"install-sh,configure.ac,.hgignore,setup.py,LICENSE,.bzrignore,Makefile.pre.in,configure,README,.gitignore,pyconfig.h.in,.hgeol",CVE-2012-2135,NVD-CWE-Other,2012-08-14T22:55Z,MEDIUM,
83,b4bbee25b1e3f4bccac222f806b3138fb72439d6,2012-07-21 00:45:14+02:00,".bzrignore,.gitignore,.hgeol,.hgignore,.hgtags,LICENSE,Makefile.pre.in,README,configure,configure.ac,install-sh,pyconfig.h.in,setup.py",CVE-2012-2135,NVD-CWE-Other,2012-08-14T22:55Z,MEDIUM,
84,86d53caddad11808ca332ab93ec35508b602a0dd,2013-05-18 17:56:42+02:00,".bzrignore,.gitignore,.hgeol,.hgignore,.hgtags,LICENSE,Makefile.pre.in,README,configure,configure.ac,install-sh,pyconfig.h.in,setup.py",CVE-2013-2099,CWE-399,2013-10-09T14:53Z,MEDIUM,
85,f53c6de62869be20995e95108e1b7bec3a758bcd,2013-05-18 17:56:42+02:00,".hgtouch,install-sh,config.guess,.hgignore,.gitignore,README,.hgeol,Makefile.pre.in,LICENSE,config.sub,.bzrignore,configure.ac,pyconfig.h.in,setup.py,configure",CVE-2013-2099,CWE-399,2013-10-09T14:53Z,MEDIUM,
86,c81a7c6225b545ed9740914fa1e3a2d2d37a36fe,2013-05-18 17:56:42+02:00,"configure.ac,install-sh,.hgignore,README,.bzrignore,configure,LICENSE,setup.py,.gitignore,pyconfig.h.in,Makefile.pre.in,.hgeol",CVE-2013-2099,CWE-399,2013-10-09T14:53Z,MEDIUM,
87,636f93c63ba286249c1207e3a903f8429efb2041,2013-05-18 17:56:42+02:00,".bzrignore,.gitignore,.hgeol,.hgignore,.hgtags,.hgtouch,LICENSE,Makefile.pre.in,README,config.guess,config.sub,configure,configure.ac,install-sh,pyconfig.h.in,setup.py",CVE-2013-2099,CWE-399,2013-10-09T14:53Z,MEDIUM,
88,e6283fc239fd15ecec2c9ff4ba929fcdc4b6490b,2013-05-18 17:59:12+02:00,".hgtouch,install-sh,config.guess,.gitignore,.hgignore,pyconfig.h.in,configure,README,configure.ac,.hgeol,config.sub,.bzrignore,Makefile.pre.in,LICENSE,setup.py",CVE-2013-2099,CWE-399,2013-10-09T14:53Z,MEDIUM,
89,31fb419908c63419b4f725e1ad457a9fd0eee526,2013-05-18 17:59:12+02:00,".bzrignore,.gitignore,.hgeol,.hgignore,.hgtags,.hgtouch,LICENSE,Makefile.pre.in,README,config.guess,config.sub,configure,configure.ac,install-sh,pyconfig.h.in,setup.py",CVE-2013-2099,CWE-399,2013-10-09T14:53Z,MEDIUM,
90,824f7f366d1b54d2d3100c3130c04cf1dfb4b47c,2013-08-17 00:54:47+02:00,".bzrignore,.gitignore,.hgeol,.hgignore,.hgtags,.hgtouch,LICENSE,Makefile.pre.in,README,config.guess,config.sub,configure,configure.ac,install-sh,pyconfig.h.in,setup.py",CVE-2013-4238,CWE-20,2013-08-18T02:52Z,MEDIUM,
91,4e14fd6b3118f5bed5bcff7d6d4405196e692ac5,2013-08-17 00:54:47+02:00,".hgtouch,install-sh,config.guess,.hgignore,setup.py,.gitignore,configure.ac,README,.hgeol,LICENSE,config.sub,.bzrignore,configure,pyconfig.h.in,Makefile.pre.in",CVE-2013-4238,CWE-20,2013-08-18T02:52Z,MEDIUM,
92,d21eb7a9a47e2f4cb68cf5f52f6b50b5400f6c7e,2013-08-17 00:54:47+02:00,".bzrignore,.gitignore,.hgeol,.hgignore,LICENSE,Makefile.pre.in,README,config.guess,config.sub,configure,configure.ac,install-sh,pyconfig.h.in,setup.py",CVE-2013-4238,CWE-20,2013-08-18T02:52Z,MEDIUM,
93,88b174c977f552ddcc5ff3078742a2922b236f83,2013-08-17 00:54:47+02:00,".bzrignore,.gitignore,.hgeol,.hgignore,.hgtags,LICENSE,Makefile.pre.in,README,config.guess,config.sub,configure,configure.ac,install-sh,pyconfig.h.in,setup.py",CVE-2013-4238,CWE-20,2013-08-18T02:52Z,MEDIUM,
94,e06d47c70cbef8ae77efe0e64cde3e682b66cb05,2013-08-17 00:58:00+02:00,".bzrignore,.gitignore,.hgeol,.hgignore,.hgtags,.hgtouch,LICENSE,Makefile.pre.in,README,config.guess,config.sub,configure,configure.ac,install-sh,pyconfig.h.in,setup.py",CVE-2013-4238,CWE-20,2013-08-18T02:52Z,MEDIUM,
95,e8c9bfe1fc83f9e4e0644dceafe5dde018afb4d4,2013-08-17 00:58:00+02:00,"configure.ac,.hgtouch,install-sh,pyconfig.h.in,config.guess,configure,.gitignore,.hgeol,README,.hgignore,config.sub,.bzrignore,LICENSE,Makefile.pre.in,setup.py",CVE-2013-4238,CWE-20,2013-08-18T02:52Z,MEDIUM,
96,82f88283171933127f20f866a7f98694b29cca56,2013-08-23 19:26:49+02:00,".bzrignore,.hgeol,.hgignore,.hgtags,LICENSE,Makefile.pre.in,README,configure,configure.in,install-sh,pyconfig.h.in,setup.py",CVE-2013-4238,CWE-20,2013-08-18T02:52Z,MEDIUM,
97,4d0748368434596336ad2a910b2006e2f1f8f8ba,2013-08-23 19:26:49+02:00,".bzrignore,.hgeol,.hgignore,LICENSE,Makefile.pre.in,README,configure,configure.in,install-sh,pyconfig.h.in,setup.py",CVE-2013-4238,CWE-20,2013-08-18T02:52Z,MEDIUM,
98,aa5e726ab1bf1a45833c6ed8f135d5d3681b2c0a,2013-09-15 19:11:47+02:00,".bzrignore,.hgeol,.hgignore,LICENSE,Makefile.pre.in,README,configure,configure.in,install-sh,pyconfig.h.in,setup.py",CVE-2013-1752,,2019-06-03T20:15Z,,
99,503baf9ecd2cc5fb0bb85cec99c300862c02de85,2013-09-15 19:11:47+02:00,".bzrignore,.hgeol,.hgignore,.hgtags,LICENSE,Makefile.pre.in,README,configure,configure.in,install-sh,pyconfig.h.in,setup.py",CVE-2013-1752,,2019-06-03T20:15Z,,
100,4e95d601917b4429d41a5e437762d619608573c1,2013-09-22 22:07:09+02:00,".bzrignore,.hgeol,.hgignore,.hgtags,LICENSE,Makefile.pre.in,README,configure,configure.in,install-sh,pyconfig.h.in,setup.py",CVE-2013-1752,,2019-06-03T20:15Z,,
101,1874f4708d9203e70be3f486171c93c859581bdd,2013-09-22 22:07:09+02:00,".bzrignore,.hgeol,.hgignore,LICENSE,Makefile.pre.in,README,configure,configure.in,install-sh,pyconfig.h.in,setup.py",CVE-2013-1752,,2019-06-03T20:15Z,,
102,d6fddf3d15b5c7b012c919b48de6447d7a250f1c,2013-09-25 15:36:58+02:00,".bzrignore,.hgeol,.hgignore,.hgtags,LICENSE,Makefile.pre.in,README,configure,configure.in,install-sh,pyconfig.h.in,setup.py",CVE-2013-1752,,2019-06-03T20:15Z,,
103,8cc020dcfb3d71840b12357c111ebae789b46a36,2013-09-25 15:36:58+02:00,".bzrignore,.hgeol,.hgignore,LICENSE,Makefile.pre.in,README,configure,configure.in,install-sh,pyconfig.h.in,setup.py",CVE-2013-1752,,2019-06-03T20:15Z,,
104,537738c1e3e66376f25def084f1cbd54f95ae3be,2013-09-30 21:56:29+02:00,".bzrignore,.hgeol,.hgignore,LICENSE,Makefile.pre.in,README,configure,configure.in,install-sh,pyconfig.h.in,setup.py",CVE-2013-1752,,2019-06-03T20:15Z,,
105,c545a5ebd62b0c6b4bf1e44f77f4e82b316fc82a,2013-09-30 21:56:29+02:00,".bzrignore,.hgeol,.hgignore,.hgtags,LICENSE,Makefile.pre.in,README,configure,configure.in,install-sh,pyconfig.h.in,setup.py",CVE-2013-1752,,2019-06-03T20:15Z,,
106,edca9556696a33d505d780f69d0933d9502a3098,2013-10-01 00:35:15+02:00,".bzrignore,.hgeol,.hgignore,LICENSE,Makefile.pre.in,README,configure,configure.in,install-sh,pyconfig.h.in,setup.py",CVE-2013-1752,,2019-06-03T20:15Z,,
107,42faa55124abcbb132c57745dec9e0489ac74406,2013-10-01 00:35:15+02:00,".bzrignore,.hgeol,.hgignore,.hgtags,LICENSE,Makefile.pre.in,README,configure,configure.in,install-sh,pyconfig.h.in,setup.py",CVE-2013-1752,,2019-06-03T20:15Z,,
108,d5849f545e0de0b4576cbc7b856adc9b0c7e1be8,2013-10-01 01:09:29+02:00,".bzrignore,.gitignore,.hgeol,.hgignore,.hgtags,LICENSE,Makefile.pre.in,README,config.guess,config.sub,configure,configure.ac,install-sh,pyconfig.h.in,setup.py",CVE-2013-1752,,2019-06-03T20:15Z,,
109,ed1397e66913dfa9bdb18680d3daa95596eafa47,2013-10-01 01:09:29+02:00,".bzrignore,.gitignore,.hgeol,.hgignore,LICENSE,Makefile.pre.in,README,config.guess,config.sub,configure,configure.ac,install-sh,pyconfig.h.in,setup.py",CVE-2013-1752,,2019-06-03T20:15Z,,
110,8eca61c387d30e6e3553ef0cf959118bd86591c1,2013-10-20 15:57:07+02:00,".bzrignore,.gitignore,.hgeol,.hgignore,LICENSE,Makefile.pre.in,README,config.guess,config.sub,configure,configure.ac,install-sh,pyconfig.h.in,setup.py",CVE-2013-1752,,2019-06-03T20:15Z,,
111,2585e1e48abb3013abeb8a1fe9dccb5f79ac4091,2013-10-20 15:57:07+02:00,".bzrignore,.gitignore,.hgeol,.hgignore,.hgtags,LICENSE,Makefile.pre.in,README,config.guess,config.sub,configure,configure.ac,install-sh,pyconfig.h.in,setup.py",CVE-2013-1752,,2019-06-03T20:15Z,,
112,6af44045ff67f53dab7173424da79bfbb6d0c326,2013-10-20 15:58:27+02:00,"pyconfig.h.in,.hgtouch,README,install-sh,config.guess,.gitignore,.hgeol,LICENSE,config.sub,.bzrignore,configure,configure.ac,.hgignore,setup.py,Makefile.pre.in",CVE-2013-1752,,2019-06-03T20:15Z,,
113,c30b178cbc92e62c22527cd7e1af2f02723ba679,2013-10-20 15:58:27+02:00,".bzrignore,.gitignore,.hgeol,.hgignore,.hgtags,.hgtouch,LICENSE,Makefile.pre.in,README,config.guess,config.sub,configure,configure.ac,install-sh,pyconfig.h.in,setup.py",CVE-2013-1752,,2019-06-03T20:15Z,,
114,2acc456c334460a7430e386772d1c48b1e0e7c7f,2013-10-20 16:02:10+02:00,".bzrignore,.gitignore,.hgeol,.hgignore,.hgtags,.hgtouch,LICENSE,Makefile.pre.in,README,config.guess,config.sub,configure,configure.ac,install-sh,pyconfig.h.in,setup.py",CVE-2013-1752,,2019-06-03T20:15Z,,
115,0ccb383c9dbc2ff3e298021bfbdaac4c45eabc5c,2013-10-20 16:02:10+02:00,"install-sh,config.guess,.hgeol,LICENSE,.gitignore,pyconfig.h.in,Makefile.pre.in,.hgtouch,config.sub,configure,.bzrignore,README,setup.py,configure.ac,.hgignore",CVE-2013-1752,,2019-06-03T20:15Z,,
116,ca580f4ec1b08f492cbc8673e316f5cadf47aec2,2013-10-27 06:52:14+01:00,".bzrignore,.gitignore,.hgeol,.hgignore,.hgtags,.hgtouch,LICENSE,Makefile.pre.in,README,config.guess,config.sub,configure,configure.ac,install-sh,pyconfig.h.in,setup.py",CVE-2013-1752,,2019-06-03T20:15Z,,
117,02794108333637661b96ae5f51ed01c0ea874967,2013-10-27 06:52:14+01:00,"pyconfig.h.in,.hgtouch,README,install-sh,config.guess,setup.py,Makefile.pre.in,configure.ac,.gitignore,.hgeol,LICENSE,config.sub,.bzrignore,.hgignore,configure",CVE-2013-1752,,2019-06-03T20:15Z,,
118,3ba75186fd8e000f29569cbbb1592d7131673f9e,2013-10-27 07:23:53+01:00,"pyconfig.h.in,.hgtouch,README,install-sh,config.guess,setup.py,Makefile.pre.in,configure.ac,.gitignore,.hgeol,LICENSE,config.sub,.bzrignore,.hgignore,configure",CVE-2013-1752,,2019-06-03T20:15Z,,
119,7e27abbb3936e9a7baea13ceeac6abd256bc0d6f,2013-10-27 07:23:53+01:00,".bzrignore,.gitignore,.hgeol,.hgignore,.hgtags,.hgtouch,LICENSE,Makefile.pre.in,README,config.guess,config.sub,configure,configure.ac,install-sh,pyconfig.h.in,setup.py",CVE-2013-1752,,2019-06-03T20:15Z,,
120,e81b7702e8fc9c3b4b48babc80ec8dc16f2f0e66,2013-10-27 07:29:47+01:00,"pyconfig.h.in,.hgtouch,README,install-sh,config.guess,setup.py,Makefile.pre.in,configure.ac,.gitignore,.hgeol,LICENSE,config.sub,.bzrignore,.hgignore,configure",CVE-2013-1752,,2019-06-03T20:15Z,,
121,28e78414f9175774f26d8c564c7c1d3b078f99de,2013-10-27 07:29:47+01:00,".bzrignore,.gitignore,.hgeol,.hgignore,.hgtags,.hgtouch,LICENSE,Makefile.pre.in,README,config.guess,config.sub,configure,configure.ac,install-sh,pyconfig.h.in,setup.py",CVE-2013-1752,,2019-06-03T20:15Z,,
122,6d5a25f50dbb3d70e42703299376ef10c86dace7,2014-01-03 19:59:22+01:00,".bzrignore,.gitignore,.hgeol,.hgignore,LICENSE,Makefile.pre.in,README,config.guess,config.sub,configure,configure.ac,install-sh,pyconfig.h.in,setup.py",CVE-2013-1752,,2019-06-03T20:15Z,,
123,020d7c379afe7edc7b5437c29b434ecc059e6a76,2014-01-03 19:59:22+01:00,".bzrignore,.gitignore,.hgeol,.hgignore,.hgtags,LICENSE,Makefile.pre.in,README,config.guess,config.sub,configure,configure.ac,install-sh,pyconfig.h.in,setup.py",CVE-2013-1752,,2019-06-03T20:15Z,,
124,c11435399e7af8317e5a51642ee665347da2b97f,2014-01-25 09:02:18+01:00,".bzrignore,.gitignore,.hgeol,.hgignore,.hgtags,.hgtouch,LICENSE,Makefile.pre.in,README,config.guess,config.sub,configure,configure.ac,install-sh,pyconfig.h.in,setup.py",CVE-2013-1752,,2019-06-03T20:15Z,,
125,281929c44c1af9f5812f68223d1f894399e74c79,2014-01-25 09:02:18+01:00,"pyconfig.h.in,README,.hgtouch,install-sh,.gitignore,.hgeol,configure.ac,configure,.bzrignore,setup.py,config.sub,config.guess,.hgignore,Makefile.pre.in,LICENSE",CVE-2013-1752,,2019-06-03T20:15Z,,
126,6b8626628db55b80353bc3452583787ac3af4526,2014-06-06 08:13:37+02:00,".bzrignore,.gitignore,.hgeol,.hgignore,.hgtags,LICENSE,Makefile.pre.in,README,config.guess,config.sub,configure,configure.ac,install-sh,pyconfig.h.in,setup.py",CVE-2014-0224,CWE-326,2014-06-05T21:55Z,MEDIUM,5.2
127,7450ebc3d945b00f831d911a18f45d3c440b3255,2014-06-06 08:13:37+02:00,".bzrignore,.gitignore,.hgeol,.hgignore,LICENSE,Makefile.pre.in,README,config.guess,config.sub,configure,configure.ac,install-sh,pyconfig.h.in,setup.py",CVE-2014-0224,CWE-326,2014-06-05T21:55Z,MEDIUM,5.2
128,7d55da42a4e7f1145f14312b703298aff25c0e06,2014-06-06 08:23:53+02:00,".bzrignore,.gitignore,.hgeol,.hgignore,.hgtags,.hgtouch,LICENSE,Makefile.pre.in,README,config.guess,config.sub,configure,configure.ac,install-sh,pyconfig.h.in,setup.py",CVE-2014-0224,CWE-326,2014-06-05T21:55Z,MEDIUM,5.2
129,90d24cea62001ed64b47a343ffacf5c6a14ddda4,2014-06-06 08:23:53+02:00,"install-sh,configure.ac,.hgeol,pyconfig.h.in,configure,LICENSE,.gitignore,.hgtouch,.bzrignore,config.sub,config.guess,setup.py,.hgignore,Makefile.pre.in,README",CVE-2014-0224,CWE-326,2014-06-05T21:55Z,MEDIUM,5.2
130,fa32e9af32e9b2203194f33078eedbe0a5cd87e8,2014-09-30 14:04:51+02:00,".bzrignore,.gitignore,.hgeol,.hgignore,LICENSE,Makefile.pre.in,README,configure,configure.ac,install-sh,pyconfig.h.in,setup.py",CVE-2013-4238,CWE-20,2013-08-18T02:52Z,MEDIUM,
131,ec3c103520a5061e657581b388e2b8ba6f74602a,2014-09-30 14:04:51+02:00,".bzrignore,.gitignore,.hgeol,.hgignore,.hgtags,LICENSE,Makefile.pre.in,README,configure,configure.ac,install-sh,pyconfig.h.in,setup.py",CVE-2013-4238,CWE-20,2013-08-18T02:52Z,MEDIUM,
132,c9cb18d3f7e5bf03220c213183ff0caa75905bdd,2014-09-30 14:12:24+02:00,".bzrignore,.gitignore,.hgeol,.hgignore,.hgtags,LICENSE,Makefile.pre.in,README,configure,configure.ac,install-sh,pyconfig.h.in,setup.py",CVE-2013-1752,,2019-06-03T20:15Z,,
133,bb334947d0f9303162be79c63ecc7e02a27f3762,2014-09-30 14:12:24+02:00,".bzrignore,.gitignore,.hgeol,.hgignore,LICENSE,Makefile.pre.in,README,configure,configure.ac,install-sh,pyconfig.h.in,setup.py",CVE-2013-1752,,2019-06-03T20:15Z,,
134,210ee47e3340d8e689d8cce584e7c918d368f16b,2014-09-30 14:18:02+02:00,".bzrignore,.gitignore,.hgeol,.hgignore,.hgtags,LICENSE,Makefile.pre.in,README,configure,configure.ac,install-sh,pyconfig.h.in,setup.py",CVE-2013-1752,,2019-06-03T20:15Z,,
135,cd8ff054cc2f63482403f5e8a7dfe1c61642b9e1,2014-09-30 14:18:02+02:00,".bzrignore,.gitignore,.hgeol,.hgignore,LICENSE,Makefile.pre.in,README,configure,configure.ac,install-sh,pyconfig.h.in,setup.py",CVE-2013-1752,,2019-06-03T20:15Z,,
136,eaca8616ab0e219ebb5cf37d495f4bf336ec0f5e,2014-09-30 14:45:39+02:00,".bzrignore,.gitignore,.hgeol,.hgignore,.hgtags,LICENSE,Makefile.pre.in,README,configure,configure.ac,install-sh,pyconfig.h.in,setup.py",CVE-2013-1752,,2019-06-03T20:15Z,,
137,2431198bf1e8237d64a166499a50150800e6f819,2014-09-30 14:45:39+02:00,".bzrignore,.gitignore,.hgeol,.hgignore,LICENSE,Makefile.pre.in,README,configure,configure.ac,install-sh,pyconfig.h.in,setup.py",CVE-2013-1752,,2019-06-03T20:15Z,,
138,ccfd94d7c6edc76a4f864ff3d388491427c07457,2014-09-30 16:00:09+02:00,".bzrignore,.gitignore,.hgeol,.hgignore,LICENSE,Makefile.pre.in,README,configure,configure.ac,install-sh,pyconfig.h.in,setup.py",CVE-2013-1752,,2019-06-03T20:15Z,,
139,fd9262cf2a044f6909530cdb565f38e13ff98263,2014-09-30 16:00:09+02:00,".bzrignore,.gitignore,.hgeol,.hgignore,.hgtags,LICENSE,Makefile.pre.in,README,configure,configure.ac,install-sh,pyconfig.h.in,setup.py",CVE-2013-1752,,2019-06-03T20:15Z,,
140,8f771f2df2e7c3f2dee532ddd751d8687011a5a4,2014-11-15 20:32:48+01:00,".OLD_AUTHORS,.buckconfig,.buckjavaargs,.buckversion,.git-fixfiles,.gitattributes,.gitignore,.mailmap,.svn-authors,AUTHORS,CONTRIBUTING.md,COPYING,MANIFEST.in,README.md,Rakefile,WebDriver.sln,WebDriver.snk,copyiedriver.bat,go,go.bat,ide.iml,ignores.json,pytest.ini,selenium.eml,selenium.iml,setup.py,wire.py",CVE-2014-3577,NVD-CWE-Other,2014-08-21T14:55Z,MEDIUM,
141,3d805aeaf8ca1af039d6467fd848d364ec085f66,2015-11-24 19:10:10+01:00,".editorconfig,.eslintignore,.eslintrc,.gitattributes,.gitignore,.hgignore,AUTHORS,CONTRIBUTING.rst,Gruntfile.js,INSTALL,LICENSE,LICENSE.python,MANIFEST.in,README.rst,package.json,setup.cfg,setup.py",CVE-2015-8213,CWE-200,2015-12-07T20:59Z,MEDIUM,
142,2e2e099a73e728a2bfddc918d9acf473b3a86eef,2015-11-24 20:05:39+01:00,".editorconfig,.eslintignore,.eslintrc,.gitattributes,.gitignore,.hgignore,AUTHORS,CONTRIBUTING.rst,Gruntfile.js,INSTALL,LICENSE,MANIFEST.in,README.rst,package.json,setup.cfg,setup.py",CVE-2015-8213,CWE-200,2015-12-07T20:59Z,MEDIUM,
143,ecd502cfdb57706dd0e84d9928934bcae6b1ef25,2016-02-01 18:42:37+01:00,".editorconfig,.eslintignore,.eslintrc,.gitattributes,.gitignore,.hgignore,AUTHORS,CONTRIBUTING.rst,Gruntfile.js,INSTALL,LICENSE,LICENSE.python,MANIFEST.in,README.rst,package.json,setup.cfg,setup.py",CVE-2016-2048,CWE-284,2016-02-08T19:59Z,MEDIUM,4.2
144,34fae0a4f7b0702cf9e4c72a8a3b82040a426595,2016-02-01 18:43:02+01:00,".editorconfig,.eslintignore,.eslintrc,.gitattributes,.gitignore,.hgignore,AUTHORS,CONTRIBUTING.rst,Gruntfile.js,INSTALL,LICENSE,MANIFEST.in,README.rst,package.json,setup.cfg,setup.py",CVE-2016-2048,CWE-284,2016-02-08T19:59Z,MEDIUM,4.2
145,c5544d289233f501917e25970c03ed444abbd4f0,2016-03-01 17:25:28+01:00,".editorconfig,.eslintignore,.eslintrc,.gitattributes,.gitignore,.hgignore,AUTHORS,CONTRIBUTING.rst,Gruntfile.js,INSTALL,LICENSE,LICENSE.python,MANIFEST.in,README.rst,package.json,setup.cfg,setup.py",CVE-2016-2512,CWE-79,2016-04-08T15:59Z,MEDIUM,4.0
146,67b46ba7016da2d259c1ecc7d666d11f5e1cfaab,2016-03-01 17:25:28+01:00,".editorconfig,.eslintignore,.eslintrc,.gitattributes,.gitignore,.hgignore,AUTHORS,CONTRIBUTING.rst,Gruntfile.js,INSTALL,LICENSE,LICENSE.python,MANIFEST.in,README.rst,package.json,setup.cfg,setup.py",CVE-2016-2513,CWE-200,2016-04-08T15:59Z,LOW,1.4
147,fc6d147a63f89795dbcdecb0559256470fff4380,2016-03-01 17:38:49+01:00,".editorconfig,.eslintignore,.eslintrc,.gitattributes,.gitignore,.hgignore,AUTHORS,CONTRIBUTING.rst,Gruntfile.js,INSTALL,LICENSE,MANIFEST.in,README.rst,package.json,setup.cfg,setup.py",CVE-2016-2512,CWE-79,2016-04-08T15:59Z,MEDIUM,4.0
148,af7d09b0c5c6ab68e629fd9baf736f9dd203b18e,2016-03-01 17:38:49+01:00,".editorconfig,.eslintignore,.eslintrc,.gitattributes,.gitignore,.hgignore,AUTHORS,CONTRIBUTING.rst,Gruntfile.js,INSTALL,LICENSE,MANIFEST.in,README.rst,package.json,setup.cfg,setup.py",CVE-2016-2513,CWE-200,2016-04-08T15:59Z,LOW,1.4
149,24fc9352183c449a8b11d1c7b442e70aa61a8800,2016-03-01 18:32:42+01:00,".editorconfig,.eslintignore,.eslintrc,.gitattributes,.gitignore,.hgignore,AUTHORS,CONTRIBUTING.rst,Gruntfile.js,INSTALL,LICENSE,LICENSE.python,MANIFEST.in,README.rst,package.json,setup.cfg,setup.py",CVE-2016-2512,CWE-79,2016-04-08T15:59Z,MEDIUM,4.0
150,a53ee2bbf4e6676ba67160a04d02be63c2bff767,2016-03-01 18:36:17+01:00,".editorconfig,.eslintignore,.eslintrc,.gitattributes,.gitignore,.hgignore,AUTHORS,CONTRIBUTING.rst,Gruntfile.js,INSTALL,LICENSE,MANIFEST.in,README.rst,package.json,setup.cfg,setup.py",CVE-2016-2512,CWE-79,2016-04-08T15:59Z,MEDIUM,4.0
151,bc53af13cbf09b0cbac945426c2d51d0ca52fff3,2016-07-18 21:19:35+02:00,".editorconfig,.eslintignore,.eslintrc,.gitattributes,.gitignore,.hgignore,AUTHORS,CONTRIBUTING.rst,Gruntfile.js,INSTALL,LICENSE,LICENSE.python,MANIFEST.in,README.rst,package.json,setup.cfg,setup.py",CVE-2016-6186,CWE-79,2016-08-05T15:59Z,MEDIUM,2.7
152,658f545b0c979e0355ceb6631edcc06446c37530,2016-07-18 21:20:30+02:00,".editorconfig,.eslintignore,.eslintrc,.gitattributes,.gitignore,.hgignore,AUTHORS,CONTRIBUTING.rst,Gruntfile.js,INSTALL,LICENSE,LICENSE.python,MANIFEST.in,README.rst,package.json,setup.cfg,setup.py",CVE-2016-6186,CWE-79,2016-08-05T15:59Z,MEDIUM,2.7
153,57c4db8c6903e3e95f53f8f0ca448231b385071f,2016-07-18 21:20:38+02:00,".editorconfig,.eslintignore,.eslintrc,.gitattributes,.gitignore,.hgignore,AUTHORS,CONTRIBUTING.rst,Gruntfile.js,INSTALL,LICENSE,MANIFEST.in,README.rst,package.json,setup.cfg,setup.py",CVE-2016-6186,CWE-79,2016-08-05T15:59Z,MEDIUM,2.7
154,75d7b615ba70fc5759d16dee95bbd8f0474d8a9c,2016-07-30 14:49:53+02:00,".bzrignore,.gitignore,.hgeol,.hgignore,.hgtags,LICENSE,Makefile.pre.in,README,aclocal.m4,config.guess,config.sub,configure,configure.ac,install-sh,pyconfig.h.in,setup.py",CVE-2016-1000110,CWE-601,2019-11-27T17:15Z,MEDIUM,2.7
155,5be8d3e97b1d2e526548cb346fd5f8980d31616a,2016-07-30 14:49:53+02:00,".bzrignore,.gitignore,.hgeol,.hgignore,LICENSE,Makefile.pre.in,README,aclocal.m4,config.guess,config.sub,configure,configure.ac,install-sh,pyconfig.h.in,setup.py",CVE-2016-1000110,CWE-601,2019-11-27T17:15Z,MEDIUM,2.7
156,4cbb23f8f278fd1f71dcd5968aa0b3f0b4f3bd5d,2016-07-31 08:24:16+02:00,".bzrignore,.gitignore,.hgeol,.hgignore,.hgtags,.hgtouch,LICENSE,Makefile.pre.in,README,config.guess,config.sub,configure,configure.ac,install-sh,pyconfig.h.in,setup.py",CVE-2016-1000110,CWE-601,2019-11-27T17:15Z,MEDIUM,2.7
157,5e0700418dc27b645edbe33c744daff93cd66618,2016-07-31 08:24:16+02:00,".bzrignore,.gitignore,.hgeol,.hgignore,.hgtouch,LICENSE,Makefile.pre.in,README,config.guess,config.sub,configure,configure.ac,install-sh,pyconfig.h.in,setup.py",CVE-2016-1000110,CWE-601,2019-11-27T17:15Z,MEDIUM,2.7
158,436fe5a447abb69e5e5a4f453325c422af02dcaa,2016-07-31 08:34:34+02:00,".bzrignore,.gitignore,.hgeol,.hgignore,.hgtags,.hgtouch,LICENSE,Makefile.pre.in,README,aclocal.m4,config.guess,config.sub,configure,configure.ac,install-sh,pyconfig.h.in,setup.py",CVE-2016-1000110,CWE-601,2019-11-27T17:15Z,MEDIUM,2.7
159,82bcfa599679440e5b763974dcdacff949e9931b,2016-07-31 08:34:34+02:00,".bzrignore,.gitignore,.hgeol,.hgignore,.hgtouch,LICENSE,Makefile.pre.in,README,aclocal.m4,config.guess,config.sub,configure,configure.ac,install-sh,pyconfig.h.in,setup.py",CVE-2016-1000110,CWE-601,2019-11-27T17:15Z,MEDIUM,2.7
160,76a3ab90ae0c2e0c3117e1b83434470e88d39eef,2016-07-31 08:39:06+02:00,".bzrignore,.gitignore,.hgeol,.hgignore,.hgtouch,LICENSE,Makefile.pre.in,README,aclocal.m4,config.guess,config.sub,configure,configure.ac,install-sh,pyconfig.h.in,setup.py",CVE-2016-1000110,CWE-601,2019-11-27T17:15Z,MEDIUM,2.7
161,17742f2d45c9dd7ca777e33601a26e80576fdbf6,2016-07-31 08:39:06+02:00,".bzrignore,.gitignore,.hgeol,.hgignore,.hgtags,.hgtouch,LICENSE,Makefile.pre.in,README,aclocal.m4,config.guess,config.sub,configure,configure.ac,install-sh,pyconfig.h.in,setup.py",CVE-2016-1000110,CWE-601,2019-11-27T17:15Z,MEDIUM,2.7
162,7098880f1fa9af6f9b85ac137ae4e77d01b3ded6,2016-07-31 08:51:13+02:00,".bzrignore,.gitignore,.hgeol,.hgignore,.hgtouch,LICENSE,Makefile.pre.in,README,aclocal.m4,config.guess,config.sub,configure,configure.ac,install-sh,pyconfig.h.in,setup.py",CVE-2016-1000110,CWE-601,2019-11-27T17:15Z,MEDIUM,2.7
163,cde03fa0381fcb7f7d3ba0dff4e784eade1f3031,2016-07-31 08:51:13+02:00,".bzrignore,.gitignore,.hgeol,.hgignore,.hgtags,.hgtouch,LICENSE,Makefile.pre.in,README,aclocal.m4,config.guess,config.sub,configure,configure.ac,install-sh,pyconfig.h.in,setup.py",CVE-2016-1000110,CWE-601,2019-11-27T17:15Z,MEDIUM,2.7
164,d1bc980db1c0fffd6d60677e62f70beadb9fe64a,2016-09-26 18:54:36+02:00,"README.rst,setup.cfg,setup.py,CONTRIBUTING.rst,Gruntfile.js,INSTALL,LICENSE,MANIFEST.in,package.json,.eslintignore,.editorconfig,.eslintrc,.gitattributes,.gitignore,.hgignore,AUTHORS",CVE-2016-7401,CWE-254,2016-10-03T18:59Z,MEDIUM,3.6
165,6fe846a8f08dc959003f298b5407e321c6fe3735,2016-09-27 00:01:19+02:00,".editorconfig,.eslintignore,.eslintrc,.gitattributes,.gitignore,.hgignore,AUTHORS,CONTRIBUTING.rst,Gruntfile.js,INSTALL,LICENSE,LICENSE.python,MANIFEST.in,README.rst,package.json,setup.cfg,setup.py,tox.ini",CVE-2016-7401,CWE-254,2016-10-03T18:59Z,MEDIUM,3.6
166,a1c2b2095fc126a37c461f6533c068f50e78939a,2016-09-27 00:22:14+02:00,"README.rst,.editorconfig,.eslintignore,.eslintrc,setup.py,setup.cfg,package.json,.gitattributes,.gitignore,.hgignore,AUTHORS,CONTRIBUTING.rst,Gruntfile.js,INSTALL,LICENSE,LICENSE.python,MANIFEST.in",CVE-2016-7401,CWE-254,2016-10-03T18:59Z,MEDIUM,3.6
167,48b1e9fb1746569b13f84158f98c47a557a92ec4,2016-09-27 00:22:19+02:00,".eslintrc,setup.py,setup.cfg,package.json,README.rst,MANIFEST.in,LICENSE,INSTALL,Gruntfile.js,CONTRIBUTING.rst,AUTHORS,.hgignore,.gitignore,.gitattributes,.eslintignore,.editorconfig",CVE-2016-7401,CWE-254,2016-10-03T18:59Z,MEDIUM,3.6
168,4844d86c7728c1a5a3bbce4ad336a8d32304072b,2016-10-25 20:31:42+02:00,"AUTHORS,MANIFEST.in,README.rst,.editorconfig,package.json,setup.cfg,setup.py,LICENSE,INSTALL,.eslintignore,.eslintrc,.gitattributes,.gitignore,.hgignore,Gruntfile.js,CONTRIBUTING.rst",CVE-2016-9013,CWE-798,2016-12-09T20:59Z,HIGH,5.9
169,45acd6d836895a4c36575f48b3fb36a3dae98d19,2016-10-25 21:18:29+02:00,".gitattributes,.eslintrc,.gitignore,.hgignore,setup.py,AUTHORS,CONTRIBUTING.rst,Gruntfile.js,INSTALL,LICENSE,MANIFEST.in,README.rst,package.json,.eslintignore,.editorconfig,setup.cfg",CVE-2016-9014,CWE-264,2016-12-09T20:59Z,MEDIUM,5.9
170,da7910d4834726eca596af0a830762fa5fb2dfd9,2016-11-01 14:30:57+01:00,".gitignore,MANIFEST.in,.editorconfig,.eslintrc,.gitattributes,Gruntfile.js,.hgignore,.eslintignore,CONTRIBUTING.rst,AUTHORS,LICENSE.python,LICENSE,README.rst,package.json,setup.cfg,setup.py,tox.ini,INSTALL",CVE-2016-9013,CWE-798,2016-12-09T20:59Z,HIGH,5.9
171,7fe2d8d940fdddd1a02c4754008a27060c4a03e9,2016-11-01 14:30:57+01:00,".eslintignore,setup.cfg,package.json,README.rst,MANIFEST.in,LICENSE.python,LICENSE,INSTALL,Gruntfile.js,CONTRIBUTING.rst,AUTHORS,tox.ini,.gitattributes,.eslintrc,setup.py,.editorconfig,.hgignore,.gitignore",CVE-2016-9014,CWE-264,2016-12-09T20:59Z,MEDIUM,5.9
172,884e113838e5a72b4b0ec9e5e87aa480f6aa4472,2016-11-01 14:36:44+01:00,"package.json,README.rst,MANIFEST.in,LICENSE.python,LICENSE,INSTALL,.editorconfig,.eslintignore,.eslintrc,.gitattributes,Gruntfile.js,CONTRIBUTING.rst,AUTHORS,.hgignore,.gitignore,setup.cfg,setup.py",CVE-2016-9014,CWE-264,2016-12-09T20:59Z,MEDIUM,5.9
173,34e10720d81b8d407aa14d763b6a7fe8f13b4f2e,2016-11-01 14:36:44+01:00,".gitattributes,LICENSE,LICENSE.python,MANIFEST.in,README.rst,package.json,setup.cfg,.eslintrc,setup.py,.eslintignore,.editorconfig,INSTALL,Gruntfile.js,CONTRIBUTING.rst,AUTHORS,.hgignore,.gitignore",CVE-2016-9013,CWE-798,2016-12-09T20:59Z,HIGH,5.9
174,b8ae2c16cfc4bf88c1720eafd8e35438181a7413,2016-11-01 15:48:11+01:00,"CONTRIBUTING.rst,INSTALL,tox.ini,setup.py,setup.cfg,package.json,README.rst,MANIFEST.in,LICENSE,LICENSE.python,.editorconfig,.eslintignore,.eslintrc,.gitattributes,.gitignore,.hgignore,AUTHORS,Gruntfile.js",CVE-2016-9013,CWE-798,2016-12-09T20:59Z,HIGH,5.9
175,b04594135f58ee1bd6b7e42fcdc6036761974feb,2016-11-01 15:48:41+01:00,".eslintrc,Gruntfile.js,INSTALL,LICENSE,LICENSE.python,MANIFEST.in,README.rst,package.json,setup.cfg,setup.py,AUTHORS,.eslintignore,.editorconfig,.hgignore,.gitignore,CONTRIBUTING.rst,.gitattributes",CVE-2016-9013,CWE-798,2016-12-09T20:59Z,HIGH,5.9
176,734ef022a17180288a2ea65e2319676692bc9926,2016-11-01 15:48:49+01:00,".hgignore,AUTHORS,CONTRIBUTING.rst,Gruntfile.js,INSTALL,LICENSE,MANIFEST.in,setup.py,README.rst,package.json,setup.cfg,.editorconfig,.eslintignore,.eslintrc,.gitattributes,.gitignore",CVE-2016-9013,CWE-798,2016-12-09T20:59Z,HIGH,5.9
177,5f1ffb07afc1e59729ce2b283124116d6c0659e4,2017-04-04 16:00:41+02:00,"package.json,README.rst,MANIFEST.in,.editorconfig,.eslintignore,.eslintrc,.gitattributes,.gitignore,.hgignore,AUTHORS,CONTRIBUTING.rst,LICENSE,INSTALL,Gruntfile.js,setup.py,setup.cfg",CVE-2017-7234,CWE-601,2017-04-04T17:59Z,MEDIUM,2.7
178,254326cb3682389f55f886804d2c43f7b9f23e4f,2017-04-04 16:00:41+02:00,"LICENSE,package.json,setup.cfg,setup.py,.editorconfig,.eslintignore,.eslintrc,.gitattributes,.gitignore,.hgignore,AUTHORS,CONTRIBUTING.rst,Gruntfile.js,INSTALL,MANIFEST.in,README.rst",CVE-2017-7233,CWE-601,2017-04-04T17:59Z,MEDIUM,2.7
179,f824655bc2c50b19d2f202d7640785caabc82787,2017-04-04 16:17:35+02:00,".gitignore,setup.py,setup.cfg,package.json,README.rst,MANIFEST.in,LICENSE.python,LICENSE,INSTALL,Gruntfile.js,CONTRIBUTING.rst,AUTHORS,.hgignore,.gitattributes,.eslintrc,.eslintignore,.editorconfig",CVE-2017-7233,CWE-601,2017-04-04T17:59Z,MEDIUM,2.7
180,2a9f6ef71b8e23fd267ee2be1be26dde8ab67037,2017-04-04 16:17:35+02:00,"setup.py,setup.cfg,package.json,README.rst,MANIFEST.in,LICENSE.python,LICENSE,INSTALL,.eslintignore,.editorconfig,.eslintrc,.gitattributes,.gitignore,.hgignore,AUTHORS,CONTRIBUTING.rst,Gruntfile.js",CVE-2017-7234,CWE-601,2017-04-04T17:59Z,MEDIUM,2.7
181,5ea48a70afac5e5684b504f09286e7defdd1a81a,2017-04-04 16:42:06+02:00,"setup.py,tox.ini,setup.cfg,package.json,README.rst,MANIFEST.in,LICENSE.python,LICENSE,.editorconfig,INSTALL,Gruntfile.js,CONTRIBUTING.rst,AUTHORS,.hgignore,.gitignore,.gitattributes,.eslintrc,.eslintignore",CVE-2017-7233,CWE-601,2017-04-04T17:59Z,MEDIUM,2.7
182,a1f948b468b6621083a03b0d53432341b7a4d753,2017-04-04 16:42:06+02:00,"README.rst,package.json,setup.cfg,.gitignore,.hgignore,AUTHORS,CONTRIBUTING.rst,Gruntfile.js,.eslintignore,.editorconfig,.eslintrc,.gitattributes,INSTALL,LICENSE,LICENSE.python,tox.ini,MANIFEST.in,setup.py",CVE-2017-7234,CWE-601,2017-04-04T17:59Z,MEDIUM,2.7
183,001ff508081a893d0cf81df1214dbd234606c360,2017-04-04 16:46:50+02:00,"tox.ini,INSTALL,Gruntfile.js,CONTRIBUTING.rst,AUTHORS,.hgignore,.gitignore,.gitattributes,.eslintrc,.eslintignore,.editorconfig,LICENSE.python,MANIFEST.in,README.rst,package.json,setup.cfg,setup.py,LICENSE",CVE-2017-7234,CWE-601,2017-04-04T17:59Z,MEDIUM,2.7
184,97e77b7bc14eafda704a01881cb2a3dc164947bc,2017-04-04 16:46:50+02:00,"tox.ini,AUTHORS,CONTRIBUTING.rst,Gruntfile.js,INSTALL,LICENSE,LICENSE.python,MANIFEST.in,README.rst,package.json,setup.cfg,setup.py,.hgignore,.editorconfig,.eslintignore,.eslintrc,.gitattributes,.gitignore",CVE-2017-7233,CWE-601,2017-04-04T17:59Z,MEDIUM,2.7
185,b749c980a066a15b58b236656e57b66073a35a52,2017-04-05 03:51:50+02:00,".eslintignore,.eslintrc,.gitattributes,.gitignore,.hgignore,AUTHORS,CONTRIBUTING.rst,Gruntfile.js,INSTALL,LICENSE,LICENSE.python,MANIFEST.in,README.rst,package.json,setup.cfg,setup.py,tox.ini,.editorconfig",CVE-2017-7233,CWE-601,2017-04-04T17:59Z,MEDIUM,2.7
186,2d656d1fa1b66e3c86d27edc985e839aa921bc8f,2017-04-05 03:52:09+02:00,"LICENSE.python,setup.cfg,setup.py,MANIFEST.in,README.rst,package.json,tox.ini,.editorconfig,.eslintignore,.eslintrc,.gitattributes,.gitignore,.hgignore,AUTHORS,CONTRIBUTING.rst,Gruntfile.js,INSTALL,LICENSE",CVE-2017-7233,CWE-601,2017-04-04T17:59Z,MEDIUM,2.7
187,fd7105e130e55f67f6b0ba232a8c40f9af51a906,2017-04-05 03:52:17+02:00,".hgignore,AUTHORS,.editorconfig,LICENSE.python,.eslintignore,.eslintrc,MANIFEST.in,README.rst,package.json,setup.cfg,setup.py,LICENSE,INSTALL,Gruntfile.js,CONTRIBUTING.rst,.gitattributes,.gitignore",CVE-2017-7233,CWE-601,2017-04-04T17:59Z,MEDIUM,2.7
188,2c3c029edeaa75e01373f3ec4a02fcc9184a2a76,2017-04-05 03:52:31+02:00,"README.rst,MANIFEST.in,LICENSE,INSTALL,Gruntfile.js,CONTRIBUTING.rst,AUTHORS,.hgignore,.gitignore,.gitattributes,.eslintrc,.eslintignore,.editorconfig,setup.py,setup.cfg,package.json",CVE-2017-7233,CWE-601,2017-04-04T17:59Z,MEDIUM,2.7
189,d10bcccbf1d6eac3c1c5622b3e235c09578d7e8c,2017-06-09 12:47:13+02:00,".gitignore,.gitattributes,install-sh,pyconfig.h.in,configure.ac,setup.py,configure,config.sub,aclocal.m4,README.rst,Makefile.pre.in,LICENSE,.travis.yml,.mention-bot,.hgtags,.hgignore,.hgeol,config.guess",CVE-2016-0718,CWE-119,2016-05-26T16:59Z,HIGH,5.9
190,22db1437dffa4c967d8446b95fc76132c7f8d4f0,2017-07-19 02:21:15+02:00,"configure.ac,config.sub,config.guess,README,Makefile.pre.in,LICENSE,.hgtouch,.hgtags,.hgignore,.hgeol,.gitignore,.bzrignore,setup.py,pyconfig.h.in,install-sh,configure",CVE-2016-0772,CWE-693,2016-09-02T14:59Z,MEDIUM,4.2
191,46e2b9e059e617afe6fe56da9f132568a7e6b198,2017-09-05 16:58:38+02:00,"LICENSE,tox.ini,setup.py,setup.cfg,package.json,README.rst,MANIFEST.in,LICENSE.python,INSTALL,Gruntfile.js,CONTRIBUTING.rst,AUTHORS,.hgignore,.gitignore,.gitattributes,.eslintrc,.eslintignore,.editorconfig",CVE-2017-12794,CWE-79,2017-09-07T13:29Z,MEDIUM,2.7
192,e35a0c56086924f331e9422daa266e907a4784cc,2017-09-05 17:05:43+02:00,"MANIFEST.in,LICENSE.python,LICENSE,INSTALL,README.rst,package.json,setup.cfg,tox.ini,.gitignore,.gitattributes,Gruntfile.js,.eslintrc,.eslintignore,.editorconfig,CONTRIBUTING.rst,setup.py,AUTHORS,.hgignore",CVE-2017-12794,CWE-79,2017-09-07T13:29Z,MEDIUM,2.7
193,58e08e80e362db79eb0fd775dc81faad90dca47a,2017-09-05 17:19:56+02:00,"LICENSE,LICENSE.python,MANIFEST.in,README.rst,package.json,setup.cfg,setup.py,INSTALL,Gruntfile.js,CONTRIBUTING.rst,AUTHORS,.hgignore,.gitignore,.gitattributes,.eslintrc,.eslintignore,.editorconfig",CVE-2017-12794,CWE-79,2017-09-07T13:29Z,MEDIUM,2.7
194,6e8508734b070b30db9259b64bb748fb2a5a1bfb,2017-11-01 16:34:17+01:00,".eslintrc,Gruntfile.js,INSTALL,LICENSE,LICENSE.python,MANIFEST.in,README.rst,package.json,setup.cfg,setup.py,tox.ini,CONTRIBUTING.rst,.editorconfig,.eslintignore,.gitattributes,.gitignore,.hgignore,AUTHORS",SQL_INJECTION,,,,
195,29c97fa6b7067c06f5effb2136161d9564ccd5b6,2017-11-01 16:53:15+01:00,"setup.py,tox.ini,AUTHORS,.hgignore,.gitignore,.gitattributes,.eslintrc,.eslintignore,.editorconfig,CONTRIBUTING.rst,Gruntfile.js,INSTALL,LICENSE,LICENSE.python,MANIFEST.in,README.rst,package.json,setup.cfg",SQL_INJECTION,,,,
196,07e7900c3baf4ec25881819aa9b091436a613a8d,2017-11-07 17:34:00+01:00,".eslintignore,.editorconfig,tox.ini,setup.py,setup.cfg,package.json,README.rst,MANIFEST.in,LICENSE.python,LICENSE,INSTALL,Gruntfile.js,CONTRIBUTING.rst,AUTHORS,.hgignore,.gitignore,.gitattributes,.eslintrc",SQL_INJECTION,,,,
197,4ac25289aa1fb4ed2104d19dbfd9b38575e3cf33,2017-12-04 18:02:47+01:00,"LICENSE,.travis.yml,.hgtags,.hgignore,.hgeol,.gitignore,.gitattributes,.bzrignore,setup.py,pyconfig.h.in,install-sh,configure.ac,configure,config.sub,config.guess,aclocal.m4,README,Makefile.pre.in",CVE-2017-1000158,CWE-190,2017-11-17T05:29Z,HIGH,5.9
198,e3e119acdb6680d8a6927ad1fce89266dd6ecb85,2017-12-08 21:32:06+01:00,"config.sub,install-sh,LICENSE,.travis.yml,.hgtouch,.hgtags,.hgignore,setup.py,.hgeol,.gitignore,pyconfig.h.in,.bzrignore,Makefile.pre.in,README,aclocal.m4,config.guess,configure.ac,configure",CVE-2017-1000158,CWE-190,2017-11-17T05:29Z,HIGH,5.9
199,fd8614c5c5466a14a945db5b059c10c0fb8f76d9,2017-12-08 22:34:12+01:00,"LICENSE,.travis.yml,.hgtags,.hgignore,.hgeol,.gitignore,.gitattributes,.bzrignore,setup.py,pyconfig.h.in,install-sh,configure.ac,configure,config.sub,config.guess,aclocal.m4,README,Makefile.pre.in",CVE-2017-1000158,CWE-190,2017-11-17T05:29Z,HIGH,5.9
200,6c004b40f9d51872d848981ef1a18bb08c2dfc42,2017-12-08 22:34:44+01:00,"config.sub,install-sh,LICENSE,.travis.yml,.hgtouch,.hgtags,.hgignore,setup.py,.hgeol,.gitignore,pyconfig.h.in,.bzrignore,Makefile.pre.in,README,aclocal.m4,config.guess,configure.ac,configure",CVE-2017-1000158,CWE-190,2017-11-17T05:29Z,HIGH,5.9
201,990da6f0bdb3f2db43a47521b75b3f9060aa6ef8,2017-12-09 07:40:10+01:00,".hgeol,.gitignore,.gitattributes,.bzrignore,config.guess,config.sub,configure,configure.ac,install-sh,pyconfig.h.in,setup.py,LICENSE,.travis.yml,.hgtags,.hgignore,Makefile.pre.in,README,aclocal.m4",CVE-2009-3555,CWE-310,2009-11-09T17:30Z,MEDIUM,
202,e820957c9e6b68f0a227d47fa77d4829bfadb70e,2017-12-09 08:14:52+01:00,"install-sh,configure,config.sub,config.guess,aclocal.m4,README,Makefile.pre.in,LICENSE,.travis.yml,.hgtags,.hgignore,.hgeol,.gitignore,.gitattributes,.bzrignore,setup.py,pyconfig.h.in,configure.ac",CVE-2009-3555,CWE-310,2009-11-09T17:30Z,MEDIUM,
203,c9a7eda551b7fb8ab0dad7131e85f9722a3e405e,2017-12-09 08:23:23+01:00,".hgeol,.gitignore,configure,.gitattributes,.bzrignore,config.sub,config.guess,aclocal.m4,README,Makefile.pre.in,configure.ac,install-sh,pyconfig.h.in,setup.py,LICENSE,.travis.yml,.hgtags,.hgignore",CVE-2009-3555,CWE-310,2009-11-09T17:30Z,MEDIUM,
204,a7f7626d670fffd058713aba988600bc1ca61c25,2017-12-09 18:37:28+01:00,".bzrignore,setup.py,pyconfig.h.in,.gitignore,.gitattributes,install-sh,configure.ac,configure,config.sub,config.guess,aclocal.m4,README,Makefile.pre.in,LICENSE,.travis.yml,.hgtags,.hgignore,.hgeol",CVE-2009-3555,CWE-310,2009-11-09T17:30Z,MEDIUM,
205,48cce31f1a298888408733c1cd367249a887f645,2018-01-29 22:51:10+01:00,".coveragerc,.dockerignore,.eslintignore,.eslintrc,.gitattributes,.gitignore,.gitmodules,.isort.cfg,.mailmap,.nvmrc,.prettierrc,.travis.yml,AUTHORS,Brewfile,CHANGES,CONTRIBUTING.md,Dangerfile,Dockerfile.dev,Gemfile,ISSUE_TEMPLATE.md,LICENSE,MANIFEST.in,Makefile,README.rst,codecov.yml,conftest.py,doc-requirements.txt,package.json,requirements-base.txt,.babelrc,requirements-dev.txt,requirements-optional.txt,requirements-test.txt,runtests.js,setup.cfg,setup.py,static,webpack.config.js,yarn.lock",CVE-2016-7401,CWE-254,2016-10-03T18:59Z,MEDIUM,3.6
206,568aa28f78010f0d70e238af16db2accafa6aa5d,2018-01-29 23:09:41+01:00,"webpack.config.js,.babelrc,.coveragerc,.dockerignore,.eslintignore,.eslintrc,.gitattributes,.gitignore,.gitmodules,.isort.cfg,.mailmap,.nvmrc,.prettierrc,.travis.yml,AUTHORS,Brewfile,CHANGES,CONTRIBUTING.md,Dangerfile,Dockerfile.dev,Gemfile,ISSUE_TEMPLATE.md,LICENSE,MANIFEST.in,Makefile,README.rst,codecov.yml,conftest.py,doc-requirements.txt,package.json,requirements-base.txt,requirements-dev.txt,requirements-optional.txt,requirements-test.txt,runtests.js,setup.cfg,setup.py,static,yarn.lock",CVE-2016-7401,CWE-254,2016-10-03T18:59Z,MEDIUM,3.6
207,af33fb250e9847f1ca8c0ba0d72671d76659704f,2018-02-01 15:05:14+01:00,"CONTRIBUTING.rst,README.rst,MANIFEST.in,LICENSE.python,LICENSE,INSTALL,Gruntfile.js,.editorconfig,tox.ini,setup.py,setup.cfg,package.json,.hgignore,AUTHORS,.gitattributes,.gitignore,.eslintignore,.eslintrc",CVE-2018-6188,CWE-200,2018-02-05T03:29Z,MEDIUM,3.6
208,c37bb28677295f6edda61d8ac461014ef0d3aeb2,2018-02-01 15:13:59+01:00,"LICENSE,INSTALL,Gruntfile.js,setup.py,CONTRIBUTING.rst,AUTHORS,.hgignore,.gitignore,.gitattributes,.eslintrc,.eslintignore,.editorconfig,tox.ini,package.json,MANIFEST.in,LICENSE.python,setup.cfg,README.rst",CVE-2018-6188,CWE-200,2018-02-05T03:29Z,MEDIUM,3.6
209,57b95fedad5e0b83fc9c81466b7d1751c6427aae,2018-02-01 15:18:33+01:00,"tox.ini,setup.py,setup.cfg,CONTRIBUTING.rst,Gruntfile.js,INSTALL,LICENSE,LICENSE.python,MANIFEST.in,README.rst,.gitignore,package.json,.hgignore,AUTHORS,.gitattributes,.eslintrc,.eslintignore,.editorconfig",CVE-2018-6188,CWE-200,2018-02-05T03:29Z,MEDIUM,3.6
210,66119ed64233c3abe586606a9e81a75edc2a6a92,2018-02-01 16:14:17+01:00,"AUTHORS,.hgignore,.gitattributes,.gitignore,.eslintrc,.eslintignore,.editorconfig,CONTRIBUTING.rst,Gruntfile.js,INSTALL,LICENSE,LICENSE.python,MANIFEST.in,README.rst,package.json,setup.cfg,setup.py,tox.ini",CVE-2018-6188,CWE-200,2018-02-05T03:29Z,MEDIUM,3.6
211,ab505a272fa2934371eccb254a66d16f73023c63,2018-02-01 16:16:35+01:00,"Gruntfile.js,CONTRIBUTING.rst,AUTHORS,.hgignore,.gitignore,.gitattributes,.eslintrc,.eslintignore,.editorconfig,tox.ini,setup.py,setup.cfg,package.json,README.rst,MANIFEST.in,LICENSE.python,LICENSE,INSTALL",CVE-2018-6188,CWE-200,2018-02-05T03:29Z,MEDIUM,3.6
212,01448a97e075df08ed0f89c443ee35e649dfb630,2018-02-01 16:16:48+01:00,"tox.ini,setup.py,setup.cfg,package.json,README.rst,MANIFEST.in,LICENSE.python,LICENSE,INSTALL,Gruntfile.js,CONTRIBUTING.rst,AUTHORS,.hgignore,.gitignore,.gitattributes,.eslintrc,.eslintignore,.editorconfig",CVE-2018-6188,CWE-200,2018-02-05T03:29Z,MEDIUM,3.6
213,abf89d729f210c692a50e0ad3f75fb6bec6fae16,2018-02-27 19:54:19+01:00,"INSTALL,MANIFEST.in,README.rst,package.json,setup.cfg,setup.py,tox.ini,.gitattributes,.gitignore,.hgignore,.editorconfig,AUTHORS,CONTRIBUTING.rst,Gruntfile.js,LICENSE.python,LICENSE,.eslintignore,.eslintrc",CVE-2018-7536,CWE-185,2018-03-09T20:29Z,MEDIUM,1.4
214,a91436360b79a6ff995c3e5018bcc666dfaf1539,2018-02-27 19:56:26+01:00,"setup.cfg,.editorconfig,.eslintignore,.eslintrc,.gitattributes,.gitignore,.hgignore,AUTHORS,CONTRIBUTING.rst,Gruntfile.js,INSTALL,setup.py,tox.ini,LICENSE.python,MANIFEST.in,README.rst,package.json,LICENSE",CVE-2018-7537,CWE-185,2018-03-09T20:29Z,MEDIUM,1.4
215,4f72e60b202e49b324251fa79ac8cd5fc1d60605,2018-03-02 18:41:30+01:00,"aclocal.m4,setup.py,pyconfig.h.in,install-sh,configure.ac,configure,config.sub,config.guess,README.rst,Makefile.pre.in,.gitattributes,LICENSE,.travis.yml,.gitignore",CVE-2013-1752,,2019-06-03T20:15Z,,
216,4f72e60b202e49b324251fa79ac8cd5fc1d60605,2018-03-02 18:41:30+01:00,"aclocal.m4,setup.py,pyconfig.h.in,install-sh,configure.ac,configure,config.sub,config.guess,README.rst,Makefile.pre.in,.gitattributes,LICENSE,.travis.yml,.gitignore",CVE-2018-1060,NVD-CWE-noinfo,2018-06-18T14:29Z,MEDIUM,3.6
217,140d70ad8a7cdc702f793beddeaeba135c27c193,2018-03-02 18:41:30+01:00,".gitattributes,.gitignore,.travis.yml,config.sub,configure,configure.ac,install-sh,pyconfig.h.in,setup.py,config.guess,aclocal.m4,README.rst,Makefile.pre.in,LICENSE",CVE-2018-1061,NVD-CWE-noinfo,2018-06-19T12:29Z,MEDIUM,3.6
218,0e6c8ee2358a2e23117501826c008842acb835ac,2018-03-04 06:33:32+01:00,"aclocal.m4,.gitattributes,.gitignore,.travis.yml,LICENSE,Makefile.pre.in,README.rst,setup.py,pyconfig.h.in,install-sh,configure.ac,configure,config.sub,config.guess",CVE-2018-1061,NVD-CWE-noinfo,2018-06-19T12:29Z,MEDIUM,3.6
219,0e6c8ee2358a2e23117501826c008842acb835ac,2018-03-04 06:33:32+01:00,"aclocal.m4,.gitattributes,.gitignore,.travis.yml,LICENSE,Makefile.pre.in,README.rst,setup.py,pyconfig.h.in,install-sh,configure.ac,configure,config.sub,config.guess",CVE-2013-1752,,2019-06-03T20:15Z,,
220,0e6c8ee2358a2e23117501826c008842acb835ac,2018-03-04 06:33:32+01:00,"aclocal.m4,.gitattributes,.gitignore,.travis.yml,LICENSE,Makefile.pre.in,README.rst,setup.py,pyconfig.h.in,install-sh,configure.ac,configure,config.sub,config.guess",CVE-2018-1060,NVD-CWE-noinfo,2018-06-18T14:29Z,MEDIUM,3.6
221,9f2347a6fa11a833240de5795388844cd7fe06b4,2018-03-04 06:33:39+01:00,"README.rst,setup.py,pyconfig.h.in,install-sh,configure.ac,configure,config.sub,config.guess,aclocal.m4,Makefile.pre.in,LICENSE,.travis.yml,.gitignore,.gitattributes",CVE-2018-1061,NVD-CWE-noinfo,2018-06-19T12:29Z,MEDIUM,3.6
222,9f2347a6fa11a833240de5795388844cd7fe06b4,2018-03-04 06:33:39+01:00,"README.rst,setup.py,pyconfig.h.in,install-sh,configure.ac,configure,config.sub,config.guess,aclocal.m4,Makefile.pre.in,LICENSE,.travis.yml,.gitignore,.gitattributes",CVE-2013-1752,,2019-06-03T20:15Z,,
223,9f2347a6fa11a833240de5795388844cd7fe06b4,2018-03-04 06:33:39+01:00,"README.rst,setup.py,pyconfig.h.in,install-sh,configure.ac,configure,config.sub,config.guess,aclocal.m4,Makefile.pre.in,LICENSE,.travis.yml,.gitignore,.gitattributes",CVE-2018-1060,NVD-CWE-noinfo,2018-06-18T14:29Z,MEDIUM,3.6
224,24db3eea6be3bac9f6947947a183d83a368d87d1,2018-03-04 06:43:45+01:00,".bzrignore,setup.py,pyconfig.h.in,install-sh,configure.ac,configure,config.sub,config.guess,aclocal.m4,README,Makefile.pre.in,LICENSE,.travis.yml,.gitignore,.gitattributes",CVE-2018-1061,NVD-CWE-noinfo,2018-06-19T12:29Z,MEDIUM,3.6
225,24db3eea6be3bac9f6947947a183d83a368d87d1,2018-03-04 06:43:45+01:00,".bzrignore,setup.py,pyconfig.h.in,install-sh,configure.ac,configure,config.sub,config.guess,aclocal.m4,README,Makefile.pre.in,LICENSE,.travis.yml,.gitignore,.gitattributes",CVE-2013-1752,,2019-06-03T20:15Z,,
226,24db3eea6be3bac9f6947947a183d83a368d87d1,2018-03-04 06:43:45+01:00,".bzrignore,setup.py,pyconfig.h.in,install-sh,configure.ac,configure,config.sub,config.guess,aclocal.m4,README,Makefile.pre.in,LICENSE,.travis.yml,.gitignore,.gitattributes",CVE-2018-1060,NVD-CWE-noinfo,2018-06-18T14:29Z,MEDIUM,3.6
227,a847b3efd40bae788414deb9029b6854b8f4d375,2018-03-04 06:47:00+01:00,".bzrignore,.gitignore,.gitattributes,aclocal.m4,config.guess,config.sub,configure,configure.ac,install-sh,pyconfig.h.in,setup.py,.hgignore,.travis.yml,LICENSE,Makefile.pre.in,README.rst",CVE-2018-1061,NVD-CWE-noinfo,2018-06-19T12:29Z,MEDIUM,3.6
228,a847b3efd40bae788414deb9029b6854b8f4d375,2018-03-04 06:47:00+01:00,".bzrignore,.gitignore,.gitattributes,aclocal.m4,config.guess,config.sub,configure,configure.ac,install-sh,pyconfig.h.in,setup.py,.hgignore,.travis.yml,LICENSE,Makefile.pre.in,README.rst",CVE-2013-1752,,2019-06-03T20:15Z,,
229,a847b3efd40bae788414deb9029b6854b8f4d375,2018-03-04 06:47:00+01:00,".bzrignore,.gitignore,.gitattributes,aclocal.m4,config.guess,config.sub,configure,configure.ac,install-sh,pyconfig.h.in,setup.py,.hgignore,.travis.yml,LICENSE,Makefile.pre.in,README.rst",CVE-2018-1060,NVD-CWE-noinfo,2018-06-18T14:29Z,MEDIUM,3.6
230,0902a2d6b2d1d9dbde36aeaaccf1788ceaa97143,2018-03-04 06:55:07+01:00,"README.rst,setup.py,pyconfig.h.in,install-sh,configure.ac,configure,config.sub,config.guess,aclocal.m4,Makefile.pre.in,LICENSE,.travis.yml,.gitignore,.gitattributes",CVE-2018-1061,NVD-CWE-noinfo,2018-06-19T12:29Z,MEDIUM,3.6
231,0902a2d6b2d1d9dbde36aeaaccf1788ceaa97143,2018-03-04 06:55:07+01:00,"README.rst,setup.py,pyconfig.h.in,install-sh,configure.ac,configure,config.sub,config.guess,aclocal.m4,Makefile.pre.in,LICENSE,.travis.yml,.gitignore,.gitattributes",CVE-2013-1752,,2019-06-03T20:15Z,,
232,0902a2d6b2d1d9dbde36aeaaccf1788ceaa97143,2018-03-04 06:55:07+01:00,"README.rst,setup.py,pyconfig.h.in,install-sh,configure.ac,configure,config.sub,config.guess,aclocal.m4,Makefile.pre.in,LICENSE,.travis.yml,.gitignore,.gitattributes",CVE-2018-1060,NVD-CWE-noinfo,2018-06-18T14:29Z,MEDIUM,3.6
233,e052d40cea15f582b50947f7d906b39744dc62a2,2018-03-04 07:18:17+01:00,".bzrignore,setup.py,pyconfig.h.in,install-sh,configure.ac,configure,config.sub,config.guess,aclocal.m4,README,Makefile.pre.in,LICENSE,.travis.yml,.gitignore,.gitattributes",CVE-2018-1061,NVD-CWE-noinfo,2018-06-19T12:29Z,MEDIUM,3.6
234,e052d40cea15f582b50947f7d906b39744dc62a2,2018-03-04 07:18:17+01:00,".bzrignore,setup.py,pyconfig.h.in,install-sh,configure.ac,configure,config.sub,config.guess,aclocal.m4,README,Makefile.pre.in,LICENSE,.travis.yml,.gitignore,.gitattributes",CVE-2013-1752,,2019-06-03T20:15Z,,
235,e052d40cea15f582b50947f7d906b39744dc62a2,2018-03-04 07:18:17+01:00,".bzrignore,setup.py,pyconfig.h.in,install-sh,configure.ac,configure,config.sub,config.guess,aclocal.m4,README,Makefile.pre.in,LICENSE,.travis.yml,.gitignore,.gitattributes",CVE-2018-1060,NVD-CWE-noinfo,2018-06-18T14:29Z,MEDIUM,3.6
236,c9516754067d71fd7429a25ccfcb2141fc583523,2018-03-04 07:59:12+01:00,".bzrignore,.gitignore,.gitattributes,aclocal.m4,config.guess,config.sub,configure,configure.ac,install-sh,pyconfig.h.in,setup.py,.hgignore,.travis.yml,LICENSE,Makefile.pre.in,README.rst",CVE-2018-1061,NVD-CWE-noinfo,2018-06-19T12:29Z,MEDIUM,3.6
237,c9516754067d71fd7429a25ccfcb2141fc583523,2018-03-04 07:59:12+01:00,".bzrignore,.gitignore,.gitattributes,aclocal.m4,config.guess,config.sub,configure,configure.ac,install-sh,pyconfig.h.in,setup.py,.hgignore,.travis.yml,LICENSE,Makefile.pre.in,README.rst",CVE-2013-1752,,2019-06-03T20:15Z,,
238,c9516754067d71fd7429a25ccfcb2141fc583523,2018-03-04 07:59:12+01:00,".bzrignore,.gitignore,.gitattributes,aclocal.m4,config.guess,config.sub,configure,configure.ac,install-sh,pyconfig.h.in,setup.py,.hgignore,.travis.yml,LICENSE,Makefile.pre.in,README.rst",CVE-2018-1060,NVD-CWE-noinfo,2018-06-18T14:29Z,MEDIUM,3.6
239,97b7dd59bb8d6163239061e2022153c3415d146d,2018-03-06 14:30:40+01:00,".eslintrc,.gitattributes,.gitignore,.hgignore,AUTHORS,CONTRIBUTING.rst,Gruntfile.js,INSTALL,LICENSE,LICENSE.python,MANIFEST.in,README.rst,package.json,setup.cfg,setup.py,tox.ini,.eslintignore,.editorconfig",CVE-2018-7537,CWE-185,2018-03-09T20:29Z,MEDIUM,1.4
240,8618271caa0b09daba39ff3b46567d33ae1e1d3a,2018-03-06 14:30:40+01:00,"AUTHORS,Gruntfile.js,CONTRIBUTING.rst,.editorconfig,.eslintignore,.eslintrc,.gitattributes,.gitignore,.hgignore,tox.ini,setup.py,setup.cfg,package.json,README.rst,MANIFEST.in,LICENSE.python,LICENSE,INSTALL",CVE-2018-7536,CWE-185,2018-03-09T20:29Z,MEDIUM,1.4
241,e157315da3ae7005fa0683ffc9751dbeca7306c8,2018-03-06 14:52:23+01:00,"package.json,README.rst,MANIFEST.in,INSTALL,Gruntfile.js,CONTRIBUTING.rst,AUTHORS,.hgignore,.gitignore,.eslintrc,.gitattributes,.eslintignore,.editorconfig,LICENSE,LICENSE.python,setup.py,tox.ini,setup.cfg",CVE-2018-7536,CWE-185,2018-03-09T20:29Z,MEDIUM,1.4
242,94c5da1d17a6b0d378866c66b605102c19f7988c,2018-03-06 14:52:23+01:00,"README.rst,.editorconfig,.eslintignore,.eslintrc,.gitattributes,.gitignore,.hgignore,AUTHORS,CONTRIBUTING.rst,Gruntfile.js,INSTALL,LICENSE,LICENSE.python,MANIFEST.in,package.json,setup.cfg,setup.py,tox.ini",CVE-2018-7537,CWE-185,2018-03-09T20:29Z,MEDIUM,1.4
243,5bbbdd26d1ea4f3bb164ad64b0d0d458d8bfdd02,2018-03-06 18:59:36+01:00,"LICENSE.python,setup.cfg,package.json,README.rst,MANIFEST.in,LICENSE,INSTALL,Gruntfile.js,CONTRIBUTING.rst,AUTHORS,.hgignore,.gitignore,.gitattributes,.eslintrc,.eslintignore,.editorconfig,tox.ini,setup.py",CVE-2018-7536,CWE-185,2018-03-09T20:29Z,MEDIUM,1.4
244,7636aca6771649c41df96fd4a6eb3226a1c5a4fa,2018-03-06 19:04:28+01:00,".gitattributes,.eslintrc,.eslintignore,.editorconfig,LICENSE,LICENSE.python,MANIFEST.in,.hgignore,AUTHORS,CONTRIBUTING.rst,tox.ini,Gruntfile.js,INSTALL,setup.py,setup.cfg,package.json,README.rst,.gitignore",CVE-2018-7536,CWE-185,2018-03-09T20:29Z,MEDIUM,1.4
245,c8e5c1f4205078d8b58420cc585917384e51dab2,2018-03-06 19:04:55+01:00,".eslintrc,package.json,setup.cfg,setup.py,tox.ini,LICENSE,INSTALL,Gruntfile.js,CONTRIBUTING.rst,AUTHORS,.hgignore,.gitignore,.gitattributes,.eslintignore,.editorconfig,LICENSE.python,MANIFEST.in,README.rst",CVE-2018-7536,CWE-185,2018-03-09T20:29Z,MEDIUM,1.4
246,81578d4b93977f32e9c6b6b832ff0cc450e176e5,2018-03-08 20:20:08+01:00,".hgtags,aclocal.m4,README,Makefile.pre.in,LICENSE,.travis.yml,config.guess,config.sub,configure,configure.ac,setup.py,pyconfig.h.in,install-sh,.gitignore,.hgignore,.gitattributes,.hgeol,.bzrignore",CVE-2018-1061,NVD-CWE-noinfo,2018-06-19T12:29Z,MEDIUM,3.6
247,81578d4b93977f32e9c6b6b832ff0cc450e176e5,2018-03-08 20:20:08+01:00,".hgtags,aclocal.m4,README,Makefile.pre.in,LICENSE,.travis.yml,config.guess,config.sub,configure,configure.ac,setup.py,pyconfig.h.in,install-sh,.gitignore,.hgignore,.gitattributes,.hgeol,.bzrignore",CVE-2013-1752,,2019-06-03T20:15Z,,
248,81578d4b93977f32e9c6b6b832ff0cc450e176e5,2018-03-08 20:20:08+01:00,".hgtags,aclocal.m4,README,Makefile.pre.in,LICENSE,.travis.yml,config.guess,config.sub,configure,configure.ac,setup.py,pyconfig.h.in,install-sh,.gitignore,.hgignore,.gitattributes,.hgeol,.bzrignore",CVE-2018-1060,NVD-CWE-noinfo,2018-06-18T14:29Z,MEDIUM,3.6
249,bee6965261bf922a393da25b44f52ee72f052af0,2018-03-08 20:39:58+01:00,".bzrignore,.gitignore,install-sh,configure.ac,configure,config.sub,config.guess,aclocal.m4,README,Makefile.pre.in,LICENSE,.travis.yml,.hgtouch,.hgtags,.hgignore,.hgeol,setup.py,pyconfig.h.in",CVE-2018-1061,NVD-CWE-noinfo,2018-06-19T12:29Z,MEDIUM,3.6
250,bee6965261bf922a393da25b44f52ee72f052af0,2018-03-08 20:39:58+01:00,".bzrignore,.gitignore,install-sh,configure.ac,configure,config.sub,config.guess,aclocal.m4,README,Makefile.pre.in,LICENSE,.travis.yml,.hgtouch,.hgtags,.hgignore,.hgeol,setup.py,pyconfig.h.in",CVE-2013-1752,,2019-06-03T20:15Z,,
251,bee6965261bf922a393da25b44f52ee72f052af0,2018-03-08 20:39:58+01:00,".bzrignore,.gitignore,install-sh,configure.ac,configure,config.sub,config.guess,aclocal.m4,README,Makefile.pre.in,LICENSE,.travis.yml,.hgtouch,.hgtags,.hgignore,.hgeol,setup.py,pyconfig.h.in",CVE-2018-1060,NVD-CWE-noinfo,2018-06-18T14:29Z,MEDIUM,3.6
252,942cc04ae44825ea120e3a19a80c9b348b8194d0,2018-03-11 19:28:53+01:00,".bzrignore,.gitignore,install-sh,configure.ac,configure,config.sub,config.guess,aclocal.m4,README,Makefile.pre.in,LICENSE,.travis.yml,.hgtouch,.hgtags,.hgignore,.hgeol,setup.py,pyconfig.h.in",CVE-2018-1061,NVD-CWE-noinfo,2018-06-19T12:29Z,MEDIUM,3.6
253,942cc04ae44825ea120e3a19a80c9b348b8194d0,2018-03-11 19:28:53+01:00,".bzrignore,.gitignore,install-sh,configure.ac,configure,config.sub,config.guess,aclocal.m4,README,Makefile.pre.in,LICENSE,.travis.yml,.hgtouch,.hgtags,.hgignore,.hgeol,setup.py,pyconfig.h.in",CVE-2013-1752,,2019-06-03T20:15Z,,
254,942cc04ae44825ea120e3a19a80c9b348b8194d0,2018-03-11 19:28:53+01:00,".bzrignore,.gitignore,install-sh,configure.ac,configure,config.sub,config.guess,aclocal.m4,README,Makefile.pre.in,LICENSE,.travis.yml,.hgtouch,.hgtags,.hgignore,.hgeol,setup.py,pyconfig.h.in",CVE-2018-1060,NVD-CWE-noinfo,2018-06-18T14:29Z,MEDIUM,3.6
255,937ac1fe069a4dc8471dff205f553d82e724015b,2018-03-11 19:29:05+01:00,".hgtags,aclocal.m4,README,Makefile.pre.in,LICENSE,.travis.yml,config.guess,config.sub,configure,configure.ac,setup.py,pyconfig.h.in,install-sh,.gitignore,.hgignore,.gitattributes,.hgeol,.bzrignore",CVE-2018-1061,NVD-CWE-noinfo,2018-06-19T12:29Z,MEDIUM,3.6
256,937ac1fe069a4dc8471dff205f553d82e724015b,2018-03-11 19:29:05+01:00,".hgtags,aclocal.m4,README,Makefile.pre.in,LICENSE,.travis.yml,config.guess,config.sub,configure,configure.ac,setup.py,pyconfig.h.in,install-sh,.gitignore,.hgignore,.gitattributes,.hgeol,.bzrignore",CVE-2013-1752,,2019-06-03T20:15Z,,
257,937ac1fe069a4dc8471dff205f553d82e724015b,2018-03-11 19:29:05+01:00,".hgtags,aclocal.m4,README,Makefile.pre.in,LICENSE,.travis.yml,config.guess,config.sub,configure,configure.ac,setup.py,pyconfig.h.in,install-sh,.gitignore,.hgignore,.gitattributes,.hgeol,.bzrignore",CVE-2018-1060,NVD-CWE-noinfo,2018-06-18T14:29Z,MEDIUM,3.6
258,b220f08e4928883e499827b2c88bf4fdb6d1385e,2018-03-25 12:05:46+02:00,"LICENSE,.travis.yml,.gitignore,.gitattributes,setup.py,pyconfig.h.in,install-sh,configure.ac,configure,config.sub,config.guess,aclocal.m4,README.rst,Makefile.pre.in",CVE-2018-8970,CWE-295,2018-03-24T21:29Z,MEDIUM,5.2
259,d02ac25ab0879f1a6de6937573bf00a16b7bd22e,2018-03-25 12:36:13+02:00,".gitattributes,.gitignore,.travis.yml,LICENSE,Makefile.pre.in,README.rst,aclocal.m4,config.guess,config.sub,configure,configure.ac,install-sh,pyconfig.h.in,setup.py",CVE-2018-8970,CWE-295,2018-03-24T21:29Z,MEDIUM,5.2
260,0cb96681569d6c7c9a66ff5353f8d065ee5d3689,2018-03-25 12:37:21+02:00,"setup.py,.gitignore,.gitattributes,Makefile.pre.in,.travis.yml,LICENSE,README.rst,aclocal.m4,config.guess,config.sub,configure,configure.ac,install-sh,pyconfig.h.in",CVE-2018-8970,CWE-295,2018-03-24T21:29Z,MEDIUM,5.2
261,2dd885eaa0d427e84892673c83d697bca5427c8b,2018-03-25 13:28:20+02:00,".travis.yml,setup.py,pyconfig.h.in,install-sh,configure.ac,configure,config.sub,config.guess,aclocal.m4,README.rst,Makefile.pre.in,LICENSE,.gitignore,.gitattributes",CVE-2018-8970,CWE-295,2018-03-24T21:29Z,MEDIUM,5.2
262,89410a0f8700824844eeca6af132538d56141a37,2018-03-26 23:02:27+02:00,"LICENSE.python,LICENSE,INSTALL,Gruntfile.js,CONTRIBUTING.rst,AUTHORS,.hgignore,.gitignore,.gitattributes,.eslintrc,.eslintignore,.editorconfig,setup.cfg,setup.py,tox.ini,MANIFEST.in,README.rst,package.json",SQL_INJECTION,,,,
263,0338aa69f000b43a9d94232d42b0e1e5f170be46,2018-03-27 19:22:33+02:00,"INSTALL,Gruntfile.js,CONTRIBUTING.rst,AUTHORS,.hgignore,.gitignore,.gitattributes,.eslintrc,.eslintignore,.editorconfig,LICENSE.python,LICENSE,tox.ini,setup.py,setup.cfg,package.json,README.rst,MANIFEST.in",SQL_INJECTION,,,,
264,d6eaee092709aad477a9894598496c6deec532ff,2018-07-25 18:13:03+02:00,"setup.py,.editorconfig,tox.ini,.eslintignore,.eslintrc,.gitattributes,.gitignore,.hgignore,AUTHORS,CONTRIBUTING.rst,Gruntfile.js,INSTALL,LICENSE,LICENSE.python,MANIFEST.in,README.rst,package.json,setup.cfg",CVE-2018-14574,CWE-601,2018-08-03T17:29Z,MEDIUM,2.7
265,6fffc3c6d420e44f4029d5643f38d00a39b08525,2018-07-31 16:37:29+02:00,"LICENSE,.editorconfig,.eslintignore,.eslintrc,.gitattributes,.gitignore,.hgignore,AUTHORS,CONTRIBUTING.rst,Gruntfile.js,INSTALL,LICENSE.python,MANIFEST.in,README.rst,package.json,setup.cfg,setup.py,tox.ini",CVE-2018-14574,CWE-601,2018-08-03T17:29Z,MEDIUM,2.7
266,a656a681272f8f3734b6eb38e9a88aa0d91806f1,2018-08-01 15:28:42+02:00,"tox.ini,setup.py,setup.cfg,package.json,README.rst,MANIFEST.in,LICENSE.python,LICENSE,INSTALL,Gruntfile.js,CONTRIBUTING.rst,AUTHORS,.hgignore,.gitignore,.gitattributes,.eslintrc,.eslintignore,.editorconfig",CVE-2018-14574,CWE-601,2018-08-03T17:29Z,MEDIUM,2.7
267,c4e5ff7fdb5fce447675e90291fd33fddd052b3c,2018-08-01 15:35:09+02:00,".hgignore,tox.ini,setup.py,setup.cfg,package.json,README.rst,MANIFEST.in,LICENSE.python,LICENSE,INSTALL,Gruntfile.js,CONTRIBUTING.rst,AUTHORS,.gitignore,.gitattributes,.eslintrc,.eslintignore,.editorconfig",CVE-2018-14574,CWE-601,2018-08-03T17:29Z,MEDIUM,2.7
268,0006538e53bf11d1de26801b13b78807354de2c8,2018-08-01 16:51:24+02:00,"setup.cfg,setup.py,tox.ini,INSTALL,LICENSE,LICENSE.python,MANIFEST.in,README.rst,package.json,Gruntfile.js,CONTRIBUTING.rst,AUTHORS,.hgignore,.gitignore,.gitattributes,.eslintrc,.eslintignore,.editorconfig",CVE-2018-14574,CWE-601,2018-08-03T17:29Z,MEDIUM,2.7
269,3dc02de7618c3e5b058f6b6aff22c55c818584ca,2018-08-01 17:07:18+02:00,".editorconfig,tox.ini,setup.py,setup.cfg,package.json,README.rst,MANIFEST.in,LICENSE.python,LICENSE,INSTALL,Gruntfile.js,CONTRIBUTING.rst,AUTHORS,.hgignore,.gitignore,.gitattributes,.eslintrc,.eslintignore",CVE-2018-14574,CWE-601,2018-08-03T17:29Z,MEDIUM,2.7
270,e7dffda16729e79194813427c775c94f141f127c,2018-08-01 17:07:28+02:00,"package.json,setup.cfg,setup.py,tox.ini,.editorconfig,.eslintignore,.eslintrc,.gitattributes,.gitignore,.hgignore,AUTHORS,CONTRIBUTING.rst,Gruntfile.js,INSTALL,LICENSE,LICENSE.python,MANIFEST.in,README.rst",CVE-2018-14574,CWE-601,2018-08-03T17:29Z,MEDIUM,2.7
271,98c77c5a700eed4bd314a40ab70904db0c0adac6,2018-08-01 17:07:37+02:00,"tox.ini,LICENSE.python,LICENSE,INSTALL,Gruntfile.js,CONTRIBUTING.rst,AUTHORS,.hgignore,.gitignore,.gitattributes,.eslintrc,.eslintignore,.editorconfig,package.json,README.rst,setup.cfg,MANIFEST.in,setup.py",CVE-2018-14574,CWE-601,2018-08-03T17:29Z,MEDIUM,2.7
272,0043086daa1e43c46d8dc816e496c7e2977a5348,2018-09-21 22:51:11+02:00,"LICENSE,Makefile.pre.in,README.rst,aclocal.m4,config.guess,config.sub,configure,configure.ac,install-sh,pyconfig.h.in,setup.py,.gitattributes,.gitignore,.travis.yml,CODE_OF_CONDUCT.rst",CVE-2018-14647,CWE-909,2018-09-25T00:29Z,MEDIUM,3.6
273,026337a7101369297c8083047d2f3c6fc9dd1e2b,2018-09-22 06:42:29+02:00,"aclocal.m4,README.rst,Makefile.pre.in,LICENSE,CODE_OF_CONDUCT.rst,.travis.yml,.gitignore,.gitattributes,setup.py,pyconfig.h.in,install-sh,configure.ac,configure,config.sub,config.guess",CVE-2018-14647,CWE-909,2018-09-25T00:29Z,MEDIUM,3.6
274,81ba4fd85ec64ee1e55233e77a494c64baf2ac44,2018-09-22 06:42:40+02:00,"install-sh,configure.ac,configure,config.sub,config.guess,aclocal.m4,README.rst,Makefile.pre.in,LICENSE,CODE_OF_CONDUCT.rst,.travis.yml,.gitignore,.gitattributes,pyconfig.h.in,setup.py",CVE-2018-14647,CWE-909,2018-09-25T00:29Z,MEDIUM,3.6
275,da0a5c6cd323cc655ef7e2b5b36194390b28daa6,2018-09-22 06:42:49+02:00,"config.sub,setup.py,pyconfig.h.in,install-sh,configure.ac,.bzrignore,.gitattributes,.gitignore,.hgignore,.travis.yml,configure,config.guess,aclocal.m4,README.rst,Makefile.pre.in,LICENSE",CVE-2018-14647,CWE-909,2018-09-25T00:29Z,MEDIUM,3.6
276,e5e2764e8c6e545d9e1d91d050826a0aefd7ad75,2018-09-22 06:42:57+02:00,"install-sh,pyconfig.h.in,setup.py,configure.ac,configure,config.sub,config.guess,aclocal.m4,README,Makefile.pre.in,LICENSE,.travis.yml,.gitignore,.gitattributes,.bzrignore",CVE-2018-14647,CWE-909,2018-09-25T00:29Z,MEDIUM,3.6
277,10be1d3f802b874914b2a13eb41407c7a582d9b3,2018-09-22 06:57:00+02:00,"install-sh,pyconfig.h.in,setup.py,configure.ac,configure,config.sub,config.guess,aclocal.m4,README,Makefile.pre.in,LICENSE,.travis.yml,.gitignore,.gitattributes,.bzrignore",CVE-2018-14647,CWE-909,2018-09-25T00:29Z,MEDIUM,3.6
278,d1b336e530472f316b1d164d04626724c83b16d7,2018-09-22 06:57:28+02:00,"config.sub,setup.py,pyconfig.h.in,install-sh,configure.ac,.bzrignore,.gitattributes,.gitignore,.hgignore,.travis.yml,configure,config.guess,aclocal.m4,README.rst,Makefile.pre.in,LICENSE",CVE-2018-14647,CWE-909,2018-09-25T00:29Z,MEDIUM,3.6
279,5c3d8b2efda1b99abe09ad925f366c5695bd66fb,2018-09-22 06:57:46+02:00,"install-sh,configure.ac,configure,config.sub,config.guess,aclocal.m4,README.rst,Makefile.pre.in,LICENSE,CODE_OF_CONDUCT.rst,.travis.yml,.gitignore,.gitattributes,pyconfig.h.in,setup.py",CVE-2018-14647,CWE-909,2018-09-25T00:29Z,MEDIUM,3.6
